SALE TYPE,SOLD DATE,PROPERTY TYPE,ADDRESS,CITY,STATE OR PROVINCE,ZIP OR POSTAL CODE,PRICE,BEDS,BATHS,LOCATION,SQUARE FEET,LOT SIZE,YEAR BUILT,DAYS ON MARKET,$/SQUARE FEET,HOA/MONTH,STATUS,NEXT OPEN HOUSE START TIME,NEXT OPEN HOUSE END TIME,URL (SEE https://www.redfin.com/buy-a-home/comparative-market-analysis FOR INFO ON PRICING),SOURCE,MLS#,FAVORITE,INTERESTED,LATITUDE,LONGITUDE
"In accordance with local MLS rules, some MLS listings are not included in the download",,,,,,,,,,,,,,,,,,,,,,,,,,
PAST SALE,September-28-2023,Single Family Residential,575 Madison St,Afton,WY,83110,369000,3,2,Afton,1612,13503,1956,,229,,Sold,,,https://www.redfin.com/WY/Afton/575-Madison-St-83110/home/135359089,TBOR,23-595,N,Y,42.7217012,-110.9248409
PAST SALE,February-13-2024,Single Family Residential,290 Cedar Dr,Star Valley Ranch,WY,83127,945000,5,3,Star Valley Ranch,3726,39639,2007,,254,371,Sold,,,https://www.redfin.com/WY/Star-Valley-Ranch/290-Cedar-Dr-83127/home/187933883,TBOR,24-193,N,Y,42.9927025,-110.9611632
PAST SALE,March-6-2024,Single Family Residential,469 Mahogany Way,Star Valley Ranch,WY,83127,499000,3,2,Star Valley Ranch,2256,21780,2003,,221,467,Sold,,,https://www.redfin.com/WY/Star-Valley-Ranch/469-Mahogany-Way-83127/home/135383977,TBOR,22-3070,N,Y,43.0032888,-110.980187
PAST SALE,September-1-2023,Single Family Residential,154 Custer Dr,Star Valley Ranch,WY,83127,645000,4,3,Star Valley Ranch,3876,22215,2008,,166,346,Sold,,,https://www.redfin.com/WY/Star-Valley-Ranch/154-Custer-Dr-83127/home/187936675,TBOR,23-1212,N,Y,42.9548599,-110.956242
PAST SALE,July-25-2023,Single Family Residential,350 Cedar Creek Dr,Star Valley Ranch,WY,83127,749000,4,3,Star Valley Ranch,3444,43124,2006,,217,371,Sold,,,https://www.redfin.com/WY/Star-Valley-Ranch/350-Cedar-Creek-Dr-83127/home/135375596,TBOR,23-784,N,Y,42.9739606,-110.9649095
PAST SALE,September-22-2023,Single Family Residential,256 Solitude Dr,Star Valley Ranch,WY,83127,389000,3,2,Star Valley Ranch,1439,23522,1985,,270,467,Sold,,,https://www.redfin.com/WY/Star-Valley-Ranch/256-Solitude-Dr-83127/home/135379682,TBOR,23-1136,N,Y,42.9751201,-110.9609129
PAST SALE,August-4-2023,Single Family Residential,40 Porto Rd,Star Valley Ranch,WY,83127,695000,3,2.5,Star Valley Ranch,2137,22651,1996,,325,342,Sold,,,https://www.redfin.com/WY/Star-Valley-Ranch/40-Porto-Rd-83127/home/187936887,TBOR,23-31,N,Y,42.9643705,-110.9475667
PAST SALE,August-21-2023,Single Family Residential,267 Young Ln,Afton,WY,83110,899000,6,3.5,Rockbridge Meadows,4156,20473,2017,,216,100,Sold,,,https://www.redfin.com/WY/Afton/267-Young-Ln-83110/home/147180800,TBOR,23-549,N,Y,42.73752,-110.920243
PAST SALE,September-5-2023,Single Family Residential,232 Columbine St,Alpine,WY,83128,799000,3,2,Alpine Meadows,2040,16552,2022,,392,325,Sold,,,https://www.redfin.com/WY/Alpine/232-Columbine-St-83128/home/165572573,TBOR,23-343,N,Y,43.174808,-111.025526
PAST SALE,July-12-2023,Single Family Residential,72 W 4th Ave,Afton,WY,83110,380000,4,3,Afton,2565,7405,1949,,148,,Sold,,,https://www.redfin.com/WY/Afton/72-W-4th-Ave-83110/home/135379370,TBOR,23-705,N,Y,42.7251637,-110.9356449
PAST SALE,September-5-2023,Single Family Residential,2163 Hwy 241,Afton,WY,83110,649000,3,2,Afton,2716,152460,1984,,239,,Sold,,,https://www.redfin.com/WY/Afton/2163-State-Highway-241-83110/home/135416156,TBOR,22-2798,N,Y,42.6624529,-110.9337869
PAST SALE,July-6-2023,Single Family Residential,240 River Bench Rd,Alpine,WY,83128,575000,2,2.5,Palispark,1530,13068,1993,,376,,Sold,,,https://www.redfin.com/WY/Alpine/240-River-Bench-Rd-83128/home/135376970,TBOR,23-1491,N,Y,43.1637327,-111.011944
PAST SALE,July-10-2023,Single Family Residential,737 Pine Cir,Alpine,WY,83128,725000,3,2,Lakeview Estates,1792,14810,1990,,405,,Sold,,,https://www.redfin.com/WY/Alpine/737-Pinecrest-County-Rd-83128/home/135389753,TBOR,23-899,N,Y,43.1584936,-111.0132195
PAST SALE,August-9-2023,Single Family Residential,64 Buckrail Ln,Alpine,WY,83128,695000,3,2,Lazy B,1392,47916,1999,,499,,Sold,,,https://www.redfin.com/WY/Alpine/64-Buck-Rail-Ln-83128/home/135358131,TBOR,23-826,N,Y,43.1759387,-111.0282601
PAST SALE,August-22-2023,Single Family Residential,20 Upper Ridge Rd,Alpine,WY,83128,1799999,4,4,Shadow Dancer Estates,3400,67518,2014,,529,,Sold,,,https://www.redfin.com/WY/Alpine/20-Upper-Rdg-Rd-83128/home/135484767,SBORWY,23-458,N,Y,43.117336,-111.014298
PAST SALE,August-16-2024,Single Family Residential,865 Saddle Dr,Etna,WY,83118,700000,4,2,Nordic Ranches,1916,70131,1995,,365,,Sold,,,https://www.redfin.com/WY/Etna/865-Saddle-Dr-83118/home/195244223,TBOR,24-1780,N,Y,43.0818299,-110.998881
PAST SALE,September-26-2023,Single Family Residential,339 Snake Dr,Alpine,WY,83128,835000,3,2,Riverview Meadows,2035,16988,2006,,410,200,Sold,,,https://www.redfin.com/WY/Alpine/339-Snake-DR-83128/home/187936863,TBOR,23-1582,N,Y,43.161608,-111.031033
PAST SALE,December-15-2023,Single Family Residential,43 Rusty Spgs,Thayne,WY,83127,420000,3,2,The Meadows,1337,13503,2024,,314,500,Sold,,,https://www.redfin.com/WY/Unknown/43-Rusty-Springs-Ln-83127/home/188943512,TBOR,23-2659,N,Y,42.9183917,-110.9793512
PAST SALE,September-8-2023,Single Family Residential,618 Noble Ln,Bedford,WY,83112,1395000,3,3.5,Pine View Airpark,3035,456508,2018,,460,,Sold,,,https://www.redfin.com/WY/Bedford/618-Noble-Ln-83112/home/165558248,TBOR,23-433,N,Y,42.8660625,-110.8971858
PAST SALE,October-6-2023,Single Family Residential,38 Holly Dr,Star Valley Ranch,WY,83127,438000,3,2,Star Valley Ranch,1516,13068,2002,,289,581,Sold,,,https://www.redfin.com/WY/Star-Valley-Ranch/38-Holly-Dr-83127/home/135383712,TBOR,23-2057,N,Y,42.964058,-110.9840728
PAST SALE,October-10-2023,Single Family Residential,186 E 2nd Ave,Afton,WY,83110,375000,4,2,Afton,2579,8712,1964,,145,,Sold,,,https://www.redfin.com/WY/Afton/186-E-2nd-Ave-83110/home/135419693,TBOR,23-1592,N,Y,42.7291397,-110.928637
PAST SALE,August-31-2023,Single Family Residential,530 Adams St,Afton,WY,83110,340000,3,2,Afton,1964,6969,1966,,173,,Sold,,,https://www.redfin.com/WY/Afton/530-Adams-St-83110/home/135423106,TBOR,23-1377,N,Y,42.7226904,-110.9315469
PAST SALE,August-24-2023,Single Family Residential,1500 Reeves Schwab Ln,Smoot,WY,83126,395000,2,2,Smoot,1744,69696,1991,,226,,Sold,,,https://www.redfin.com/WY/Smoot/1500-Reeves-Schwab-Ln-83110/home/187935037,TBOR,23-1999,N,Y,42.61539,-110.931953
PAST SALE,September-13-2023,Single Family Residential,1400 Reeves-schwab Rd,Smoot,WY,83126,699000,6,3,Smoot,4075,89733,2020,,172,,Sold,,,https://www.redfin.com/WY/Smoot/1400-Reeves-schwab-RD-83126/home/187938343,TBOR,23-754,N,Y,42.618067,-110.933034
PAST SALE,July-17-2023,Single Family Residential,218 EAST E 9th Ave,Afton,WY,83110,379000,3,3,Afton,2718,25700,1979,,139,,Sold,,,https://www.redfin.com/WY/Afton/218-EAST-E-9th-Ave-83110/home/187938743,TBOR,23-682,Y,Y,42.717414,-110.927891
PAST SALE,August-7-2023,Single Family Residential,664 Madison St,Afton,WY,83110,349000,3,1,Afton,1056,16552,1979,,330,,Sold,,,https://www.redfin.com/WY/Afton/664-Madison-St-83110/home/135394532,TBOR,23-737,N,Y,42.720379,-110.9254463
PAST SALE,June-30-2023,Single Family Residential,176 Knoll,Smoot,WY,83126,975000,3,3,ZZZ--VOID--Do NOT Use,2867,402058,2008,,340,,Sold,,,https://www.redfin.com/WY/Smoot/176-N-Knoll-Rd-83126/home/135366341,TBOR,23-347,N,Y,42.613517,-110.916918
PAST SALE,June-28-2023,Single Family Residential,111 E 6th Ave,Afton,WY,83110,349200,3,2,Afton,1380,5227,1947,,253,,Sold,,,https://www.redfin.com/WY/Afton/111-E-6th-Ave-83110/home/135399644,TBOR,23-679,N,Y,42.7215457,-110.9312209
PAST SALE,September-21-2023,Single Family Residential,291 Monroe St,Afton,WY,83110,450000,2,2,Afton,2548,14374,1951,,177,,Sold,,,https://www.redfin.com/WY/Afton/291-Monroe-St-83110/home/135387725,TBOR,23-1771,N,Y,42.7274728,-110.9217831
PAST SALE,June-21-2024,Single Family Residential,249 Bonneville Rd,Star Valley Ranch,WY,83127,835000,5,3,Star Valley Ranch,3189,23086,2019,,262,600,Sold,,,https://www.redfin.com/WY/Star-Valley-Ranch/249-Bonneville-Rd-83127/home/165564742,TBOR,24-1529,N,Y,42.953915,-110.953961
PAST SALE,July-17-2023,Single Family Residential,26 Little Grey's Loop,Etna,WY,83118,590000,3,2,Etna Village Estates,1606,26136,2022,,367,720,Sold,,,https://www.redfin.com/WY/Etna/26-Little-Grey-s-LOOP-Unknown/home/187937331,TBOR,23-174,N,Y,43.035008,-111.017565
PAST SALE,June-20-2023,Single Family Residential,445 Pinto Ln,Etna,WY,83118,699000,3,2,Buckskin Crossing,1580,226076,2008,,442,100,Sold,,,https://www.redfin.com/WY/Etna/445-Pinto-Ln-83118/home/135360880,TBOR,23-558,N,Y,43.0643677,-111.0135243
PAST SALE,August-17-2023,Single Family Residential,23 Hidden Dr,Thayne,WY,83127,450000,3,2,Hidden Creek,1768,44866,2015,,255,600,Sold,,,https://www.redfin.com/WY/Thayne/23-Hidden-Dr-83127/home/135476000,TBOR,23-721,N,Y,42.939594,-111.00323
PAST SALE,July-25-2023,Single Family Residential,12 Aster Loop,Alpine,WY,83128,749900,4,3,Alpine Meadows,2688,20908,2007,,279,325,Sold,,,https://www.redfin.com/WY/Alpine/12-Aster-Loop-83128/home/135385959,TBOR,23-389,N,Y,43.1719586,-111.0243043
PAST SALE,July-13-2023,Single Family Residential,618 Snake Dr,Alpine,WY,83128,897000,4,3,Riverview Meadows,2612,16552,1996,,343,150,Sold,,,https://www.redfin.com/WY/Alpine/618-Snake-DR-83128/home/187935109,TBOR,22-1776,N,Y,43.161826,-111.033398
PAST SALE,July-17-2023,Single Family Residential,96 White Pine Ave,Star Valley Ranch,WY,83127,389000,3,2,Star Valley Ranch,2190,26136,1984,,178,467,Sold,,,https://www.redfin.com/WY/Star-Valley-Ranch/96-White-Pine-Ave-83127/home/135397281,TBOR,23-1460,N,Y,42.984249,-110.954993
PAST SALE,September-13-2023,Single Family Residential,55 Piute Dr,Star Valley Ranch,WY,83127,399000,3,2,Star Valley Ranch,1560,50094,1990,,256,581,Sold,,,https://www.redfin.com/WY/Star-Valley-Ranch/55-Piute-Dr-83127/home/135356223,TBOR,23-1287,N,Y,42.9900485,-110.9740647
PAST SALE,August-7-2023,Single Family Residential,251 Gallup Dr,Etna,WY,83118,499000,3,2,Nordic Ranches,1370,54450,2006,,364,,Sold,,,https://www.redfin.com/WY/Etna/251-Gallup-Dr-83118/home/135428610,TBOR,23-725,N,Y,43.0871786,-111.0080219
PAST SALE,August-23-2023,Single Family Residential,296 Aspen Trl,Alpine,WY,83128,1897000,4,4,Aspen Ridge Estates,3684,25700,2021,,515,1350,Sold,,,https://www.redfin.com/WY/Alpine/296-Aspen-Ln-83128/home/187934765,TBOR,23-1352,N,Y,43.1082334,-111.0185882
PAST SALE,August-24-2023,Single Family Residential,165 Flywater Trl,Freedom,WY,83120,6500000,4,4.5,Double L Ranch,6763,370260,2013,,961,14000,Sold,,,https://www.redfin.com/WY/Freedom/165-Flywater-TRL-83120/home/187934277,TBOR,23-1417,N,Y,43.077506,-111.034262
PAST SALE,September-20-2023,Single Family Residential,155 N Forest Dr,Star Valley Ranch,WY,83127,588000,3,2.5,Star Valley Ranch,1615,45302,2017,,364,590,Sold,,,https://www.redfin.com/WY/Star-Valley-Ranch/155-N-Forest-Dr-83127/home/147181454,TBOR,23-1789,N,Y,42.9926892,-110.9689638
PAST SALE,September-29-2023,Single Family Residential,123 S Main St,Thayne,WY,83127,359000,2,1,Thayne,1171,40946,1971,,307,,Sold,,,https://www.redfin.com/WY/Thayne/123-S-Main-St-83127/home/135357976,TBOR,22-2268,N,Y,42.916415,-111.002299
PAST SALE,September-20-2023,Single Family Residential,124 Nield Ave,Afton,WY,83110,325000,3,2.5,Afton,1288,14374,1941,,252,,Sold,,,https://www.redfin.com/WY/Afton/124-Nield-Ave-83110/home/135422648,TBOR,23-938,N,Y,42.721418,-110.937282
PAST SALE,July-19-2023,Single Family Residential,88 Nield Ave,Afton,WY,83110,495000,5,3,Afton,3184,10018,1999,,155,,Sold,,,https://www.redfin.com/WY/Afton/88-Nield-Ave-83110/home/135347997,TBOR,23-563,N,Y,42.721601,-110.935933
PAST SALE,October-6-2023,Single Family Residential,220 S Washington St,Afton,WY,83110,150000,3,1,Afton,1260,10890,1930,,119,,Sold,,,https://www.redfin.com/WY/Afton/220-S-Washington-St-83110/home/175749257,TBOR,23-1852,N,Y,42.729055,-110.933821
PAST SALE,September-28-2023,Single Family Residential,101 Heap Dr,Thayne,WY,83127,335000,2,2,Thayne,1088,16117,2020,,308,,Sold,,,https://www.redfin.com/WY/Thayne/101-Heap-Dr-83127/home/175749368,TBOR,23-1656,N,Y,42.917626,-111.00303
PAST SALE,September-14-2023,Single Family Residential,539 Kodiak Cir,Thayne,WY,83127,499000,3,2.5,Bear Hollow,2388,7405,2002,,209,,Sold,,,https://www.redfin.com/WY/Thayne/539-Kodiak-Cir-83127/home/135397130,TBOR,23-1838,N,Y,42.916089,-110.981042
PAST SALE,August-7-2023,Single Family Residential,115 East Circle Dr,Thayne,WY,83127,660000,5,3,North Forty,3096,41382,2016,,213,400,Sold,,,https://www.redfin.com/WY/Thayne/115-E-Circle-Dr-83127/home/143244460,TBOR,22-2524,N,Y,42.92226,-110.9674
PAST SALE,August-9-2023,Single Family Residential,413 Aster Loop,Alpine,WY,83128,750000,3,2,Alpine Meadows,1665,17859,2009,,450,325,Sold,,,https://www.redfin.com/WY/Alpine/413-Aster-Loop-83128/home/135435269,TBOR,23-1127,N,Y,43.1689349,-111.0257957
PAST SALE,September-19-2023,Single Family Residential,797 Country Club Way,Thayne,WY,83127,550000,5,3,Stewart Country Club Estates,2620,13939,2007,,210,1295,Sold,,,https://www.redfin.com/WY/Thayne/797-Country-Club-Way-83127/home/135376838,TBOR,23-81,N,Y,42.960897,-110.974171
PAST SALE,November-15-2023,Single Family Residential,75 Scrub Oak Dr,Star Valley Ranch,WY,83127,400000,3,2,Star Valley Ranch,1456,13068,2007,,275,581,Sold,,,https://www.redfin.com/WY/Star-Valley-Ranch/75-Scrub-Oak-Dr-83127/home/135417628,TBOR,23-2503,N,Y,42.962204,-110.981269
PAST SALE,September-29-2023,Single Family Residential,362 Wooden Spur,Alpine,WY,83128,725000,3,2,Greys River Village,1840,16988,2008,,394,,Sold,,,https://www.redfin.com/WY/Alpine/362-Wooden-Spur-Dr-83128/home/135368875,TBOR,23-1389,N,Y,43.1622555,-111.0099554
PAST SALE,March-18-2025,Single Family Residential,205 Holly Dr,Star Valley Ranch,WY,83127,580000,5,3,Star Valley Ranch,2936,13068,2022,,198,601,Sold,,,https://www.redfin.com/WY/Star-Valley-Ranch/205-Holly-Dr-83127/home/165559245,TBOR,25-423,N,Y,42.962482,-110.981822
PAST SALE,October-2-2023,Single Family Residential,3417 County Road 110,Etna,WY,83118,979000,3,2,Etna,1200,653400,1979,,816,,Sold,,,https://www.redfin.com/WY/Etna/3417-County-Road-110-83118/home/187936575,TBOR,22-2986,N,Y,43.082982,-110.99433
PAST SALE,April-24-2024,Single Family Residential,608 Merritt Dr,Afton,WY,83110,775000,2,2,ZZZ--VOID--Do NOT Use,1423,459993,2007,,545,,Sold,,,https://www.redfin.com/WY/Afton/608-Merritt-Dr-83110/home/187933247,TBOR,24-769,N,Y,42.7084593,-111.0125235
PAST SALE,August-16-2023,Single Family Residential,4287 County Rd 125,Freedom,WY,83127,2224900,7,5,Freedom,6608,155944,1976,,337,,Sold,,,https://www.redfin.com/WY/Thayne/4287-County-Road-125-83127/home/135432471,TBOR,23-807,N,Y,42.9627087,-111.0437932
PAST SALE,September-8-2023,Single Family Residential,678 Vista East Dr,Star Valley Ranch,WY,83127,450000,3,2.5,Star Valley Ranch,2160,21780,1982,,208,467,Sold,,,https://www.redfin.com/WY/Star-Valley-Ranch/678-Vista-East-Dr-83127/home/135393649,TBOR,23-982,N,Y,42.987432,-110.957552
PAST SALE,September-5-2023,Single Family Residential,14 Redwood Rd,Star Valley Ranch,WY,83127,599000,3,2.5,Star Valley Ranch,2364,17424,2008,,253,467,Sold,,,https://www.redfin.com/WY/Star-Valley-Ranch/14-Redwood-Rd-83127/home/135379570,TBOR,22-2126,N,Y,42.9861706,-110.9565081
PAST SALE,October-5-2023,Single Family Residential,215 Freedom Ln,Freedom,WY,83120,899000,3,2,River Ranches Fishing & Equestrian Estates,2444,204732,2008,,368,500,Sold,,,https://www.redfin.com/WY/Freedom/215-Freedom-Ln-83120/home/143245388,TBOR,22-3024,N,Y,43.001154,-111.0142103
PAST SALE,March-24-2025,Single Family Residential,80 Canyon Pines Way,Star Valley Ranch,WY,83127,1195000,6,3.5,Star Valley Ranch,4281,23958,2008,,279,409,Sold,,,https://www.redfin.com/WY/Star-Valley-Ranch/80-Canyon-Pines-Way-83127/home/135344519,TBOR,25-474,N,Y,42.973882,-110.9514329
PAST SALE,August-15-2023,Single Family Residential,300 Ridgecrest Dr,Star Valley Ranch,WY,83127,479000,2,2,Star Valley Ranch,1504,46173,1989,,318,384,Sold,,,https://www.redfin.com/WY/Star-Valley-Ranch/300-Ridgecrest-Dr-83127/home/135382620,TBOR,22-3153,N,Y,42.9711727,-110.9508266
PAST SALE,October-27-2023,Single Family Residential,554 Cedar Creek Dr,Star Valley Ranch,WY,83127,1100000,6,4,Star Valley Ranch,5497,46173,2021,,200,371,Sold,,,https://www.redfin.com/WY/Star-Valley-Ranch/554-Cedar-Creek-Dr-83127/home/187933959,TBOR,23-1679,N,Y,42.9718019,-110.962172
PAST SALE,September-8-2023,Single Family Residential,101 Caribou Forest Dr,Alpine,WY,83128,1100000,3,2,Alpine Retreat,1954,65340,2021,,563,1000,Sold,,,https://www.redfin.com/WY/Alpine/101-Caribou-Forest-Dr-83128/home/192290970,TBOR,23-2223,N,Y,43.119349,-111.038096
PAST SALE,July-19-2023,Single Family Residential,105 Westview Dr,Afton,WY,83110,339000,4,2,Westview Village Subd.,1800,20908,1981,,188,,Sold,,,https://www.redfin.com/WY/Afton/105-Westview-Dr-83110/home/135407460,TBOR,23-709,N,Y,42.6931532,-110.9293721
PAST SALE,November-15-2023,Single Family Residential,4520 Main St,Bedford,WY,83112,639000,4,2.5,Bedford,2561,64033,1999,,250,,Sold,,,https://www.redfin.com/WY/Bedford/4520-Main-St-83112/home/135370290,TBOR,23-562,N,Y,42.898166,-110.938709
PAST SALE,July-6-2023,Single Family Residential,175 Fawn Ln,Thayne,WY,83127,1499000,5,3,Thayne,5856,487000,2019,,256,,Sold,,,https://www.redfin.com/WY/Thayne/175-Fawn-Ln-83127/home/168771249,TBOR,23-681,N,Y,42.937066,-110.977017
PAST SALE,July-25-2023,Single Family Residential,567 Country Club Way,Thayne,WY,83127,589000,5,2.5,Stewart Country Club Estates,2676,13939,2006,,220,1502,Sold,,,https://www.redfin.com/WY/Thayne/567-Country-Club-Way-83127/home/135393637,TBOR,22-2668,N,Y,42.9609617,-110.9785936
PAST SALE,August-11-2023,Single Family Residential,315 Strawberry Creek Private Rd,Bedford,WY,83112,495000,2,2.5,Bridger Forest,1280,159429,1980,,387,,Sold,,,https://www.redfin.com/WY/Bedford/315-Strawberry-Creek-Private-Rd-83112/home/135363103,TBOR,23-1252,N,Y,42.900234,-110.918677
PAST SALE,September-1-2023,Single Family Residential,58 Dale Ct,Bedford,WY,83112,350000,1,1,Green Valley,915,75358,2005,,383,,Sold,,,https://www.redfin.com/WY/Bedford/58-Dale-Ct-83112/home/135357776,TBOR,23-1645,N,Y,42.898855,-110.915678
PAST SALE,July-24-2023,Single Family Residential,200 Bonneville Dr,Star Valley Ranch,WY,83127,529000,3,2,Star Valley Ranch,1478,30056,2023,,358,375,Sold,,,https://www.redfin.com/WY/Star-Valley-Ranch/200-Bonneville-Rd-83127/home/165558495,TBOR,23-730,N,Y,42.954574,-110.953031
PAST SALE,July-31-2023,Single Family Residential,143 Bingham Dr,Star Valley Ranch,WY,83127,554700,4,2,Star Valley Ranch,1796,26571,2007,,309,375,Sold,,,https://www.redfin.com/WY/Star-Valley-Ranch/143-Bingham-Dr-83127/home/135362890,TBOR,23-752,N,Y,42.9548671,-110.953514
PAST SALE,October-3-2023,Single Family Residential,80 Little Greys Lp Loop,Etna,WY,83118,595000,4,3,Etna Village Estates,2156,23086,1947,,276,700,Sold,,,https://www.redfin.com/WY/Etna/80-Little-Greys-Loop-83118/home/165568920,TBOR,23-1882,N,Y,43.034894,-111.01801
PAST SALE,July-31-2023,Single Family Residential,454 Flywater Trl,Freedom,WY,83120,3750000,2,2,Double L Ranch,1800,317988,2014,,2083,14000,Sold,,,https://www.redfin.com/WY/Freedom/454-Flywater-TRL-83120/home/187938322,TBOR,23-974,N,Y,43.082807,-111.036961
PAST SALE,October-11-2023,Single Family Residential,320 W Reserve Dr,Alpine,WY,83128,14750000,7,3.5,Alpine Village,5757,266587,1982,,2562,6400,Sold,,,https://www.redfin.com/WY/Alpine/320-W-Reserve-Dr-83128/home/135360367,TBOR,23-879,N,Y,43.1832852,-111.037981
PAST SALE,October-30-2023,Single Family Residential,268 Willow Dr,Alpine,WY,83128,1800000,4,3,Salt River Cove,2929,152895,2007,,615,1000,Sold,,,https://www.redfin.com/WY/Alpine/268-Willow-DR-83128/home/188123064,TBOR,23-2189,N,Y,43.115575,-111.027763
PAST SALE,May-16-2024,Single Family Residential,322 Wright St,Thayne,WY,83127,499000,3,2,Thayne,1520,18730,2022,,328,,Sold,,,https://www.redfin.com/WY/Thayne/322-Wright-St-83127/home/180890700,TBOR,24-798,N,Y,42.921047,-110.993714
PAST SALE,November-4-2024,Single Family Residential,204 North St,Grover,WY,83122,185000,3,1,Grover,1080,70567,1918,,171,,Sold,,,https://www.redfin.com/WY/Grover/204-North-St-83122/home/135355558,TBOR,24-2678,N,Y,42.793558,-110.929206
PAST SALE,May-13-2024,Single Family Residential,133 Red Tail Path,Alpine,WY,83128,869000,3,2.5,Trail Ridge,3232,57063,2008,,269,850,Sold,,,https://www.redfin.com/WY/Alpine/133-Red-Tail-Path-83128/home/135374370,TBOR,24-549,N,Y,43.120563,-111.023532
PAST SALE,February-23-2024,Single Family Residential,961 Clark Rd,Etna,WY,83118,725000,3,2.5,Etna,2080,87120,2002,,349,,Sold,,,https://www.redfin.com/WY/Etna/961-Clark-Ln-83118/home/135383941,TBOR,24-20,N,Y,42.997498,-110.99489
PAST SALE,July-2-2024,Single Family Residential,266 Walnut Dr,Star Valley Ranch,WY,83127,1075000,5,5,Star Valley Ranch,3864,20037,2023,,278,418,Sold,,,https://www.redfin.com/WY/Star-Valley-Ranch/266-Walnut-Dr-83127/home/165559794,TBOR,24-1191,N,Y,42.980606,-110.963054
PAST SALE,October-29-2024,Single Family Residential,202 Waterline Rd,Etna,WY,83118,785000,3,2.5,Caribou Flats,1408,152460,2018,,558,125,Sold,,,https://www.redfin.com/WY/Etna/202-Waterline-Rd-83118/home/168772432,TBOR,24-2391,N,Y,43.070439,-111.013744
PAST SALE,July-30-2024,Single Family Residential,62 Abe Ln,Bedford,WY,83112,475000,4,2,Bedford,2098,21780,2007,,226,200,Sold,,,https://www.redfin.com/WY/Bedford/62-Abe-Ln-83112/home/135404553,TBOR,24-1330,N,Y,42.900851,-110.942008
PAST SALE,October-16-2023,Single Family Residential,64 Saddle Cir,Etna,WY,83118,1400000,4,3.5,Nordic Ranches,4759,217800,2003,,294,,Sold,,,https://www.redfin.com/WY/Etna/64-Saddle-Cir-83118/home/135400587,TBOR,23-852,N,Y,43.0712993,-110.9903985
PAST SALE,December-15-2023,Single Family Residential,81 Brambleberry Dr,Star Valley Ranch,WY,83127,525000,3,2,Star Valley Ranch,1625,17424,2023,,323,480,Sold,,,https://www.redfin.com/WY/Star-Valley-Ranch/81-Brambleberry-Dr-83127/home/165571745,TBOR,23-2479,N,Y,42.966468,-110.982862
PAST SALE,October-17-2023,Single Family Residential,140 Willard Ave,Afton,WY,83110,479000,5,3,Afton,2724,10454,2001,,176,,Sold,,,https://www.redfin.com/WY/Afton/140-Willard-Ave-83110/home/135412364,TBOR,23-83,N,Y,42.7264121,-110.9373021
PAST SALE,July-22-2024,Single Family Residential,116 First Ave,Alpine,WY,83128,400000,2,1,Blue Lake Estates,960,13068,1965,,417,,Sold,,,https://www.redfin.com/WY/Alpine/116-1-Ave-83128/home/135408441,TBOR,24-1432,N,Y,43.176748,-111.038451
PAST SALE,August-16-2024,Single Family Residential,131 E Papworth Ln,Afton,WY,83110,835000,3,2.5,Valli Vu Golf Course,2166,14810,2024,,386,,Sold,,,https://www.redfin.com/WY/Afton/131-Papworth-Ln-83110/home/165557131,TBOR,24-1855,N,Y,42.707068,-110.927969
PAST SALE,October-17-2023,Single Family Residential,81 Caribou Peak Lp,Etna,WY,83118,590000,3,2.5,Etna Village Estates,1804,32234,2023,,327,700,Sold,,,https://www.redfin.com/WY/Etna/81-Caribou-Peak-Loop-83118/home/187933668,TBOR,23-410,N,Y,43.0356479,-111.0179557
PAST SALE,June-3-2024,Single Family Residential,362 Scrub Oak,Star Valley Ranch,WY,83127,550000,3,2,Star Valley Ranch,1537,17424,2022,,358,581,Sold,,,https://www.redfin.com/WY/Star-Valley-Ranch/362-Scrub-Oak-Dr-83127/home/165559224,TBOR,23-837,N,Y,42.966655,-110.980535
PAST SALE,November-20-2024,Single Family Residential,84 Bearlake Dr,Star Valley Ranch,WY,83127,799000,3,2.5,Star Valley Ranch,2100,24829,2024,,380,40,Sold,,,https://www.redfin.com/WY/Star-Valley-Ranch/84-Bearlake-Dr-83127/home/165564417,TBOR,24-2615,N,Y,42.955731,-110.951225
PAST SALE,March-29-2024,Single Family Residential,25 Alta Dr,Star Valley Ranch,WY,83127,565000,3,2,Star Valley Ranch,2880,34848,1984,,196,350,Sold,,,https://www.redfin.com/WY/Star-Valley-Ranch/25-Alta-Dr-83127/home/135390450,TBOR,24-144,N,Y,42.978118,-110.963902
PAST SALE,October-18-2023,Single Family Residential,205 W Mill Cir,Alpine,WY,83128,699000,4,2,Palispark,2574,9583,1994,,272,,Sold,,,https://www.redfin.com/WY/Alpine/205-W-Mill-Cir-83128/home/143245281,TBOR,23-1876,N,Y,43.1610688,-111.0109554
PAST SALE,June-13-2024,Single Family Residential,116 Clearview Dr,Etna,WY,83118,725000,4,2.5,Clearview Village,2400,27442,2024,,302,300,Sold,,,https://www.redfin.com/WY/Etna/116-Clearview-Dr-83118/home/165565518,TBOR,24-833,N,Y,43.030386,-111.014363
PAST SALE,May-14-2024,Single Family Residential,1281 Strawberry Rd,Bedford,WY,83112,799000,3,2,Bridger Forest,2356,208652,2017,,339,300,Sold,,,https://www.redfin.com/WY/Bedford/1281-Strawberry-Creek-Private-Rd-83112/home/147181348,TBOR,24-556,N,Y,42.907054,-110.90814
PAST SALE,May-1-2024,Single Family Residential,99 Cottonwood Dr,Smoot,WY,83126,395000,3,1,Cottonwood,1008,43995,1978,,392,,Sold,,,https://www.redfin.com/WY/Smoot/99-Cottonwood-DR-83126/home/187937071,TBOR,24-399,N,Y,42.628912,-110.92186
PAST SALE,October-19-2023,Single Family Residential,1856 Lost Creek Rd,Thayne,WY,83127,775000,2,2,Mountain View Ranches,1918,190357,1988,,404,,Sold,,,https://www.redfin.com/WY/Thayne/1856-Lost-Crk-Rd-83127/home/135356708,TBOR,23-1765,N,Y,42.938569,-110.935278
PAST SALE,December-18-2023,Single Family Residential,1 Barberry Way,Star Valley Ranch,WY,83127,525000,3,2,Star Valley Ranch,1625,13068,2023,,323,480,Sold,,,https://www.redfin.com/WY/Star-Valley-Ranch/1-Barberry-Way-83127/home/165574935,TBOR,23-2478,N,Y,42.965128,-110.982719
PAST SALE,October-20-2023,Single Family Residential,634 County Road 142,Fairview,WY,83119,725000,3,2,Fairview,1822,217800,1996,,398,,Sold,,,https://www.redfin.com/WY/Fairview/634-County-Road-142-83119/home/187933241,TBOR,23-2077,N,Y,42.693975,-110.995419
PAST SALE,October-20-2023,Single Family Residential,485 Aspen Way,Star Valley Ranch,WY,83127,205000,1,1,Star Valley Ranch,648,30492,1980,,316,467,Sold,,,https://www.redfin.com/WY/Star-Valley-Ranch/485-Aspen-Way-83127/home/187933792,TBOR,22-2691,N,Y,43.001993,-110.973979
PAST SALE,November-19-2024,Single Family Residential,149 Larkspur Cir,Alpine,WY,83128,600000,3,2,Lazy B,1666,45738,1993,,360,25,Sold,,,https://www.redfin.com/WY/Alpine/149-Larkspur-Cir-83128/home/135385939,TBOR,24-2390,N,Y,43.1755609,-111.0261689
PAST SALE,July-16-2024,Single Family Residential,167 Parkway Dr,Alpine,WY,83128,615000,3,2,Palispark,1374,8712,1999,,448,,Sold,,,https://www.redfin.com/WY/Alpine/167-Parkway-Dr-83128/home/135414760,TBOR,24-1312,N,Y,43.1622119,-111.012708
PAST SALE,June-14-2024,Single Family Residential,76 Spruce St,Alpine,WY,83128,1295000,4,2,Rees Subdivision,2374,23522,2007,,545,,Sold,,,https://www.redfin.com/WY/Alpine/76-Spruce-St-83128/home/135358227,TBOR,24-936,N,Y,43.1779523,-111.0153616
PAST SALE,March-18-2025,Single Family Residential,440 Buffalo Dr,Alpine,WY,83128,1200000,3,3,Trail Ridge,2548,73616,2005,,471,1000,Sold,,,https://www.redfin.com/WY/Alpine/440-Buffalo-Dr-83128/home/135410172,TBOR,25-92,N,Y,43.1182917,-111.0216255
PAST SALE,October-23-2023,Single Family Residential,62 W 4th Ave,Afton,WY,83110,320000,4,1,Afton,2054,13503,1935,,156,,Sold,,,https://www.redfin.com/WY/Afton/62-W-4th-Ave-83110/home/135343550,TBOR,23-1805,N,N,42.7250739,-110.9359244
PAST SALE,October-24-2023,Single Family Residential,113 Lilac Dr,Star Valley Ranch,WY,83127,580000,5,3,Star Valley Ranch,2624,17424,2003,,221,536,Sold,,,https://www.redfin.com/WY/Star-Valley-Ranch/113-Lilac-Dr-83127/home/135430875,TBOR,23-959,N,Y,42.962885,-110.9831462
PAST SALE,October-25-2023,Single Family Residential,17 Sugarloaf,Star Valley Ranch,WY,83127,898000,5,2.5,Star Valley Ranch,3121,29185,2016,,288,418,Sold,,,https://www.redfin.com/WY/Star-Valley-Ranch/17-Sugar-Loaf-Dr-83127/home/143244775,TBOR,23-2179,N,Y,42.979496,-110.97009
PAST SALE,June-21-2024,Single Family Residential,283 Butte Dr,Star Valley Ranch,WY,83127,525000,3,2,Star Valley Ranch,1444,23958,2002,,364,387,Sold,,,https://www.redfin.com/WY/Star-Valley-Ranch/283-Butte-Dr-83127/home/187962009,TBOR,24-1315,N,Y,42.956336,-110.951212
PAST SALE,October-25-2023,Single Family Residential,217 E 9th Ave,Afton,WY,83110,624000,5,3,Afton,3860,24393,1985,,162,,Sold,,,https://www.redfin.com/WY/Afton/217-E-9th-Ave-83110/home/135370012,TBOR,22-1329,N,Y,42.7181463,-110.9283336
PAST SALE,June-13-2025,Single Family Residential,972 Lariat Dr,Etna,WY,83118,870000,5,3,Nordic Ranches,3948,87120,2005,,220,,Sold,,,https://www.redfin.com/WY/Etna/972-Lariat-Dr-83118/home/135428772,TBOR,25-612,N,Y,43.0755186,-111.0084561
PAST SALE,April-11-2025,Single Family Residential,115 Molly Ln,Thayne,WY,83127,849000,4,2.5,Thayne,2528,223462,1994,,336,,Sold,,,https://www.redfin.com/WY/Thayne/115-Molly-Ln-83127/home/135436616,TBOR,25-221,N,Y,42.942191,-110.93974
PAST SALE,December-11-2023,Single Family Residential,244 Salt River Ln,Thayne,WY,83127,2288000,3,2.5,Salt River Ranch,3253,483951,2009,,703,951,Sold,,,https://www.redfin.com/WY/Thayne/244-Salt-River-LN-83127/home/187962172,TBOR,23-2458,N,Y,42.889342,-111.000959
PAST SALE,October-27-2023,Single Family Residential,660 Alta Dr,Star Valley Ranch,WY,83127,389000,2,2,Star Valley Ranch,1305,33976,1991,,298,497,Sold,,,https://www.redfin.com/WY/Star-Valley-Ranch/660-Alta-Dr-83127/home/135364155,TBOR,23-1762,N,Y,42.9719487,-110.9564806
PAST SALE,October-27-2023,Single Family Residential,224 Redwood Cir,Star Valley Ranch,WY,83127,1150000,4,3,Star Valley Ranch,3060,30492,1996,,376,467,Sold,,,https://www.redfin.com/WY/Star-Valley-Ranch/224-Redwood-Cir-83127/home/135371934,TBOR,23-2103,N,Y,42.9906239,-110.956859
PAST SALE,May-9-2024,Single Family Residential,235 Sugar Dr,Star Valley Ranch,WY,83127,739000,3,2.5,Star Valley Ranch,2464,20473,2006,,300,418,Sold,,,https://www.redfin.com/WY/Star-Valley-Ranch/235-Sugar-DR-83127/home/187933784,TBOR,24-359,N,Y,42.98132,-110.972377
PAST SALE,August-14-2024,Single Family Residential,1698 County Road 106,Etna,WY,83118,3600000,4,2.5,Etna,3912,984456,2016,,920,,Sold,,,https://www.redfin.com/WY/Etna/1698-County-Road-106-83118/home/187963027,TBOR,24-1328,N,Y,43.091768,-111.000476
PAST SALE,October-30-2023,Single Family Residential,670 Jackson St,Afton,WY,83110,360000,4,2,Afton,1721,13939,1973,,209,,Sold,,,https://www.redfin.com/WY/Afton/670-Jackson-St-83110/home/114080523,TBOR,23-2033,N,N,42.7203691,-110.9301032
PAST SALE,September-30-2024,Single Family Residential,72 Redwood Cir,Star Valley Ranch,WY,83127,759000,5,3,Star Valley Ranch,3022,26136,1988,,251,49,Sold,,,https://www.redfin.com/WY/Star-Valley-Ranch/72-Redwood-Dr-83127/home/187960741,TBOR,24-2360,N,Y,42.9870111,-110.9559641
PAST SALE,April-28-2025,Single Family Residential,1701 Co Rd 122,Thayne,WY,83127,669000,5,3,All Star,3152,87120,1988,,212,,Sold,,,https://www.redfin.com/WY/Thayne/1701-County-Road-122-83127/home/135352023,TBOR,25-318,N,Y,42.9171232,-110.9703784
PAST SALE,October-31-2023,Single Family Residential,330 Gallup Dr,Etna,WY,83118,695000,1,1.5,Nordic Ranches,952,93654,2021,,730,,Sold,,,https://www.redfin.com/WY/Etna/330-Gallup-Dr-83118/home/165569265,TBOR,23-2027,N,Y,43.089144,-111.007229
PAST SALE,May-27-2025,Single Family Residential,199 Dogwood Dr,Star Valley Ranch,WY,83127,1095000,3,2.5,Star Valley Ranch,3072,24393,2016,,356,36,Sold,,,https://www.redfin.com/WY/Star-Valley-Ranch/199-Dogwood-Dr-83127/home/195581021,TBOR,25-805,N,Y,43.0010522,-110.977146
PAST SALE,May-23-2025,Single Family Residential,434 Alta Dr,Star Valley Ranch,WY,83127,362000,2,2,Star Valley Ranch,1064,26571,1990,,340,33,Sold,,,https://www.redfin.com/WY/Star-Valley-Ranch/434-Alta-Dr-83127/home/135421694,TBOR,25-811,N,Y,42.9732965,-110.9606006
PAST SALE,November-1-2023,Single Family Residential,611 Adams Co Rd 179 S,Thayne,WY,83127,995000,4,3,Lost Creek Ranchettes,5082,163785,1999,,196,300,Sold,,,https://www.redfin.com/WY/Unknown/611-County-Road-179S-83127/home/187930597,TBOR,23-1703,N,Y,42.947145,-110.937219
PAST SALE,November-2-2023,Single Family Residential,307 Henrys Mountain Rd,Etna,WY,83118,1195000,5,3.5,Henrys Mountain,4682,398574,2021,,255,,Sold,,,https://www.redfin.com/WY/Etna/307-Henry-s-Mountain-Rd-83118/home/192290920,TBOR,23-461,N,Y,43.017759,-110.983741
PAST SALE,November-3-2023,Single Family Residential,314 Alta Dr,Star Valley Ranch,WY,83127,587500,4,3,Star Valley Ranch,2548,27007,2021,,231,371,Sold,,,https://www.redfin.com/WY/Star-Valley-Ranch/314-Alta-Dr-83127/home/165565402,TBOR,23-1217,N,Y,42.974179,-110.9621988
PAST SALE,December-1-2023,Single Family Residential,1296 Wy-239,Freedom,WY,83120,560000,3,2,Freedom,2055,171626,1956,,273,,Sold,,,https://www.redfin.com/WY/Freedom/1296-Wyoming-239-83120/home/192291074,TBOR,23-2457,N,Y,42.9827928,-111.0380201
PAST SALE,September-13-2024,Single Family Residential,487 Pheasant Tail,Thayne,WY,83127,1350000,4,2,River Bend Meadows,2483,106722,2016,,544,1200,Sold,,,https://www.redfin.com/WY/Thayne/487-Pheasant-Tail-83127/home/143244590,TBOR,24-2180,N,Y,42.9467739,-111.0158315
PAST SALE,September-30-2024,Single Family Residential,110 Fifth St,Grover,WY,83122,727000,2,2,Grover,3180,109771,1982,,229,,Sold,,,https://www.redfin.com/WY/Grover/110-Fifth-St-83122/home/192291720,TBOR,24-2293,N,Y,42.7922515,-110.9280379
PAST SALE,October-16-2024,Single Family Residential,13 Palisades Dr,Alpine,WY,83128,679000,1,1,Alpine Village,1248,37461,1980,,544,,Sold,,,https://www.redfin.com/WY/Alpine/13-Palisades-Dr-83128/home/165560582,TBOR,24-2095,N,Y,43.1913772,-111.0429724
PAST SALE,November-6-2023,Single Family Residential,592 Airport Dr #4,Alpine,WY,83128,2490000,2,3.5,Alpine Village,2609,40510,2011,,954,7300,Sold,,,https://www.redfin.com/WY/Alpine/592-Airport-Dr-83128/unit-4/home/187933604,TBOR,23-1102,N,Y,43.1816728,-111.0404547
PAST SALE,November-6-2023,Single Family Residential,464 Cedar Creek Dr,Star Valley Ranch,WY,83127,729000,3,2.5,Star Valley Ranch,1420,47044,2000,,513,371,Sold,,,https://www.redfin.com/WY/Star-Valley-Ranch/464-Cedar-Creek-Dr-83127/home/135364137,TBOR,23-1854,N,Y,42.9727214,-110.9633337
PAST SALE,March-20-2025,Single Family Residential,20 Alpine Cir,Star Valley Ranch,WY,83127,539000,5,3,Star Valley Ranch,2596,22215,1992,,208,385,Sold,,,https://www.redfin.com/WY/Star-Valley-Ranch/20-Alpine-Cir-83127/home/135372060,TBOR,25-277,N,Y,42.9800459,-110.9600008
PAST SALE,December-5-2023,Single Family Residential,189 1st Ave,Alpine,WY,83128,849000,3,2,Blue Lake Estates,2400,21780,1962,,354,,Sold,,,https://www.redfin.com/WY/Alpine/189-1-Ave-83128/home/135430492,TBOR,23-62,N,Y,43.176591,-111.039734
PAST SALE,June-7-2024,Single Family Residential,60 Bingham Dr,Star Valley Ranch,WY,83127,490000,3,2,Star Valley Ranch,1428,23522,2018,,343,375,Sold,,,https://www.redfin.com/WY/Star-Valley-Ranch/60-Bingham-Dr-83127/home/187936957,TBOR,24-907,N,Y,42.9560419,-110.952897
PAST SALE,December-6-2023,Single Family Residential,268 Buffalo Dr,Alpine,WY,83128,950000,5,3.5,Trail Ridge,4497,81021,2007,,211,850,Sold,,,https://www.redfin.com/WY/Alpine/268-Buffalo-Dr-83128/home/135398673,TBOR,23-1640,N,Y,43.1157435,-111.0207888
PAST SALE,August-1-2024,Single Family Residential,361 Redwood Rd,Star Valley Ranch,WY,83127,879700,3,3,Star Valley Ranch,2040,21780,2020,,431,581,Sold,,,https://www.redfin.com/WY/Star-Valley-Ranch/361-Redwood-Rd-83127/home/191043779,TBOR,24-1240,N,Y,42.990179,-110.959635
PAST SALE,September-6-2024,Single Family Residential,135 Caribou Dr,Alpine,WY,83128,1569000,2,3,Alpine Retreat,2320,60984,2022,,676,550,Sold,,,https://www.redfin.com/WY/Alpine/135-Caribou-DR-83128/home/191594396,TBOR,24-1846,N,Y,43.120178,-111.037872
PAST SALE,May-31-2024,Single Family Residential,1206 Duffin Cir,Thayne,WY,83127,799000,3,2,Riverview Ranchettes,1856,196891,1999,,430,,Sold,,,https://www.redfin.com/WY/Thayne/1206-Duffin-Cir-83127/home/135389031,TBOR,24-832,N,Y,42.8989546,-110.9912126
PAST SALE,June-21-2024,Single Family Residential,196 Redwood Rd,Star Valley Ranch,WY,83127,495000,3,3,Star Valley Ranch,1768,17424,1977,,280,593,Sold,,,https://www.redfin.com/WY/Star-Valley-Ranch/196-Redwood-Rd-83127/home/135437896,TBOR,24-1038,N,Y,42.988757,-110.955997
PAST SALE,August-21-2024,Single Family Residential,71 Osprey Ln,Alpine,WY,83128,2795000,3,3.5,Trail Ridge,4148,83635,2021,,674,1200,Sold,,,https://www.redfin.com/WY/Alpine/71-Osprey-Ln-83128/home/165560375,TBOR,24-1377,N,Y,43.113317,-111.017857
PAST SALE,December-13-2023,Single Family Residential,312 Spruce St,Alpine,WY,83128,1650000,3,3,Rees Subdivision,3869,23086,2005,,426,,Sold,,,https://www.redfin.com/WY/Alpine/312-Spruce-St-83128/home/135377259,TBOR,23-1015,N,Y,43.1779604,-111.0101039
PAST SALE,January-12-2024,Single Family Residential,714 Sunset Dr,Alpine,WY,83128,459000,3,2,Lakeview Estates,2700,16552,1991,,170,,Sold,,,https://www.redfin.com/WY/Alpine/714-Sunset-Dr-83128/home/135354718,TBOR,23-2218,N,Y,43.1573656,-111.011953
PAST SALE,May-10-2024,Single Family Residential,203 Caribou Peak Lp Loop,Etna,WY,83118,629500,4,2.5,Etna Village Estates,1832,27007,2024,,344,60,Sold,,,https://www.redfin.com/WY/Etna/203-Caribou-Peak-Loop-Unknown/home/190411941,TBOR,24-563,N,Y,43.0359521,-111.0178461
PAST SALE,May-23-2024,Single Family Residential,1164 Strawberry Creek Rd,Bedford,WY,83112,819000,2,2,Bridger Forest,2490,112820,2007,,329,,Sold,,,https://www.redfin.com/WY/Bedford/1164-Strawberry-Creek-RD-83112/home/190558320,TBOR,24-689,N,Y,42.905708,-110.907151
PAST SALE,November-22-2023,Single Family Residential,125 Chaparro Ln #10,Grover,WY,83122,35000,2,1,Grover,,,1985,,,,Sold,,,https://www.redfin.com/WY/Grover/125-Chaparro-Ln-83122/unit-10/home/188105231,TBOR,23-2367,N,Y,42.8118114,-110.9511473
PAST SALE,November-15-2023,Single Family Residential,48 Spur Wood Dr,Star Valley Ranch,WY,83127,379000,2,1,Star Valley Ranch,1788,17424,1982,,212,468,Sold,,,https://www.redfin.com/WY/Star-Valley-Ranch/48-Spurwood-Dr-83127/home/135391478,TBOR,23-1621,N,Y,42.989202,-110.961152
PAST SALE,September-6-2024,Single Family Residential,5248 County Road 125,Freedom,WY,83120,449000,3,1,Freedom,1613,52272,1954,,278,,Sold,,,https://www.redfin.com/WY/Freedom/5248-County-Road-125-83120/home/135411216,TBOR,24-2035,Y,Y,42.9750093,-111.0437927
PAST SALE,June-7-2024,Single Family Residential,95 Scrub Oak Dr,Star Valley Ranch,WY,83127,579900,3,2,Star Valley Ranch,1518,13068,2020,,382,582,Sold,,,https://www.redfin.com/WY/Star-Valley-Ranch/95-Scrub-Oak-Dr-83127/home/165559247,TBOR,24-863,N,Y,42.962476,-110.981266
PAST SALE,February-22-2024,Single Family Residential,186 Southbrook Dr,Thayne,WY,83127,979999,6,3,Southbrook Ranches,3916,177724,2016,,250,234,Sold,,,https://www.redfin.com/WY/Thayne/186-Southbrook-Dr-83127/home/143244593,TBOR,23-419,N,Y,42.942905,-111.012032
PAST SALE,October-4-2024,Single Family Residential,89 Columbine St,Alpine,WY,83128,839000,3,2,Alpine Meadows,1708,16552,2016,,491,27,Sold,,,https://www.redfin.com/WY/Alpine/89-Columbine-St-83128/home/143245261,TBOR,24-2254,N,Y,43.173926,-111.024112
PAST SALE,November-17-2023,Single Family Residential,255 Westview Dr,Afton,WY,83110,519900,4,3,ZZZ--VOID--Do NOT Use,2218,65340,1984,,234,,Sold,,,https://www.redfin.com/WY/Afton/255-Westview-Dr-83110/home/135385072,TBOR,23-932,N,Y,42.693635,-110.9266106
PAST SALE,July-25-2024,Single Family Residential,894 Cedar Creek Dr,Star Valley Ranch,WY,83127,1195000,6,3,Star Valley Ranch,4946,40075,2019,,242,383,Sold,,,https://www.redfin.com/WY/Star-Valley-Ranch/894-Cedar-Creek-Dr-83127/home/190648400,TBOR,24-837,N,Y,42.969948,-110.955674
PAST SALE,October-25-2024,Single Family Residential,60 Black Rd,Etna,WY,83118,1200000,3,3,Black Creek Ranches,3175,208216,2022,,378,42,Sold,,,https://www.redfin.com/WY/Etna/60-Black-RD-Unknown/home/192189623,TBOR,24-2225,N,Y,43.04879,-111.025404
PAST SALE,June-11-2024,Single Family Residential,75 Choke Cherry Dr,Star Valley Ranch,WY,83127,480000,4,3,Star Valley Ranch,2160,26136,1995,,222,380,Sold,,,https://www.redfin.com/WY/Star-Valley-Ranch/75-Chokecherry-Dr-83127/home/135356108,TBOR,24-734,N,Y,42.9978934,-110.979638
PAST SALE,August-30-2024,Single Family Residential,43 E Elkhorn Dr,Thayne,WY,83127,885000,3,2.5,Thayne,2144,40510,1993,,413,,Sold,,,https://www.redfin.com/WY/Thayne/43-Elkhorn-Dr-83127/home/187961754,TBOR,24-1269,N,Y,42.9962473,-110.9714624
PAST SALE,November-30-2023,Single Family Residential,267 Dana St,Thayne,WY,83127,375000,3,2,Thayne,1292,15681,2016,,290,,Sold,,,https://www.redfin.com/WY/Thayne/267-Dana-St-83127/home/188126074,TBOR,23-2381,N,Y,42.9170864,-110.9980793
PAST SALE,November-29-2023,Single Family Residential,1173 Saddle Dr,Etna,WY,83118,799000,3,2,Nordic Ranches,4916,87120,2005,,163,,Sold,,,https://www.redfin.com/WY/Etna/1173-Saddle-Dr-83118/home/135370635,TBOR,23-2366,N,Y,43.081834,-111.004635
PAST SALE,June-28-2024,Single Family Residential,827 Lost Creek Rd,Thayne,WY,83127,850000,5,3.5,Thayne,3831,87120,2009,,222,,Sold,,,https://www.redfin.com/WY/Thayne/827-Lost-Creek-Rd-83127/home/135346965,TBOR,24-1001,N,Y,42.93957,-110.956551
PAST SALE,December-9-2024,Single Family Residential,54 C St,Bedford,WY,83112,349000,3,1,ZZZ--VOID--Do NOT Use,1512,32670,1960,,231,,Sold,,,https://www.redfin.com/WY/Bedford/54-C-St-83112/home/165559184,TBOR,24-2706,N,Y,42.897098,-110.939461
PAST SALE,June-12-2024,Single Family Residential,182 Trail Dr,Alpine,WY,83128,535000,3,1,Lakeview Estates,992,10454,1974,,539,,Sold,,,https://www.redfin.com/WY/Alpine/182-Trail-Dr-Rd-83128/home/135362024,TBOR,24-828,N,Y,43.160372,-111.0206342
PAST SALE,May-16-2024,Single Family Residential,287 Dana St,Thayne,WY,83127,395000,3,2,Thayne,1761,12632,1984,,224,,Sold,,,https://www.redfin.com/WY/Thayne/287-W-Dana-St-83127/home/135417801,TBOR,24-538,N,Y,42.9170551,-110.9977853
PAST SALE,August-29-2024,Single Family Residential,172 W Willard Ave,Afton,WY,83110,529000,3,2,ZZZ--VOID--Do NOT Use,1836,24393,1994,,288,,Sold,,,https://www.redfin.com/WY/Afton/172-Willard-Ave-83110/home/135430228,TBOR,24-1857,N,Y,42.726337,-110.938033
PAST SALE,May-21-2024,Single Family Residential,227 Aster Loop,Alpine,WY,83128,999000,5,3.5,Alpine Meadows,3428,17424,2018,,291,325,Sold,,,https://www.redfin.com/WY/Alpine/227-Aster-Loop-83128/home/165566505,TBOR,24-544,N,Y,43.169337,-111.021881
PAST SALE,October-15-2024,Single Family Residential,635 Buffalo Dr,Alpine,WY,83128,815000,3,2.5,Trail Ridge,2160,67082,2005,,377,71,Sold,,,https://www.redfin.com/WY/Alpine/635-Buffalo-Dr-83128/home/135363338,TBOR,24-2285,N,Y,43.1207234,-111.0217867
PAST SALE,November-27-2023,Single Family Residential,1186 Bedford North Cr 121,Bedford,WY,83112,1875000,4,4,Bedford,4107,871200,2006,,457,,Sold,,,https://www.redfin.com/WY/Bedford/1186-Bedford-North-Cr-121-83112/home/187934022,TBOR,23-1657,N,Y,42.923712,-110.933357
PAST SALE,February-14-2024,Single Family Residential,130 Penny Ln,Thayne,WY,83127,855000,1,1,Haystack Mountain Ranch,900,922600,2009,,950,,Sold,,,https://www.redfin.com/WY/Thayne/130-Penny-Ln-83127/home/135409914,TBOR,23-1942,N,Y,42.9360024,-110.9653537
PAST SALE,August-29-2024,Single Family Residential,17 Misty Ln,Etna,WY,83120,795000,4,2,Misty Meadows,3289,213879,1993,,242,,Sold,,,https://www.redfin.com/WY/Etna/17-Misty-Meadows-Ln-83118/home/192323009,TBOR,24-1033,N,Y,43.0885577,-111.0126862
PAST SALE,September-23-2024,Single Family Residential,328 Bridger Homes Dr,Alpine,WY,83128,625000,3,2,Alpine,1468,24393,1982,,426,,Sold,,,https://www.redfin.com/WY/Alpine/328-Bridger-83128/home/135348410,TBOR,24-2058,N,Y,43.15712,-111.007064
PAST SALE,August-2-2024,Single Family Residential,28 Corral Ln,Etna,WY,83118,997500,5,3,Corral Canyon Meadows,5056,217800,2003,,197,,Sold,,,https://www.redfin.com/WY/Etna/28-Corral-LN-Unknown/home/187940060,TBOR,24-922,N,Y,43.06799,-110.99287
PAST SALE,May-30-2025,Single Family Residential,108053 Us-89,Etna,WY,83118,599000,3,2,Etna,1015,60984,1934,,590,,Sold,,,https://www.redfin.com/WY/Etna/108053-N-US-Highway-89-83118/home/135434908,TBOR,25-617,N,Y,43.0351852,-111.0129937
PAST SALE,October-4-2024,Single Family Residential,775 Hardman Rd,Star Valley Ranch,WY,83127,891000,3,2,Star Valley Ranch,2121,23086,2024,,420,31,Sold,,,https://www.redfin.com/WY/Star-Valley-Ranch/775-Hardman-Rd-83127/home/192074585,TBOR,24-2153,N,Y,42.9598289,-110.9483758
PAST SALE,June-25-2024,Single Family Residential,174 Stoor Dr,Alpine,WY,83128,799999,3,3,Alpine,1672,12196,2018,,478,,Sold,,,https://www.redfin.com/WY/Etna/174-Stoor-Dr-83118/home/135435283,TBOR,24-878,N,Y,43.15988,-111.021356
PAST SALE,April-17-2024,Single Family Residential,475 Alta Dr,Star Valley Ranch,WY,83127,499000,3,2,Star Valley Ranch,2584,22651,1985,,193,350,Sold,,,https://www.redfin.com/WY/Star-Valley-Ranch/475-Alta-Dr-83127/home/192274674,TBOR,24-270,Y,Y,42.9733854,-110.9596282
PAST SALE,June-24-2024,Single Family Residential,94321 Us-89,Afton,WY,83110,1500000,5,2,Afton,3038,350222,1978,,494,,Sold,,,https://www.redfin.com/WY/Afton/94321-US-Highway-89-83110/home/135373755,TBOR,24-865,N,Y,42.845244,-110.979657
PAST SALE,December-21-2023,Single Family Residential,60 Dancer Cir,Alpine,WY,83128,1450000,4,3.5,Shadow Dancer,4990,132422,2007,,291,3000,Sold,,,https://www.redfin.com/WY/Alpine/60-Dancer-Way-83128/home/135398654,TBOR,23-2392,N,Y,43.115383,-111.015977
PAST SALE,April-15-2024,Single Family Residential,489 Jackson St,Afton,WY,83110,429000,3,1,Afton,1448,4791,1936,,296,,Sold,,,https://www.redfin.com/WY/Afton/489-Jackson-St-83110/home/135394379,TBOR,24-240,N,Y,42.7234234,-110.9291524
PAST SALE,January-26-2024,Single Family Residential,726 Highway 239,Freedom,WY,83120,325000,2,1,Freedom,1656,43560,1935,,196,,Sold,,,https://www.redfin.com/WY/Freedom/726-State-Highway-239-83120/home/135384055,TBOR,23-1220,N,Y,42.9826913,-111.0266702
PAST SALE,August-15-2024,Single Family Residential,51 Pine Dr,Star Valley Ranch,WY,83127,575000,3,3,Star Valley Ranch,2272,21780,2004,,253,33,Sold,,,https://www.redfin.com/WY/Star-Valley-Ranch/51-Pine-Dr-83127/home/135394815,TBOR,24-1544,N,Y,43.001071,-110.980241
PAST SALE,September-9-2024,Single Family Residential,55 S 2nd St,Auburn,WY,83111,445000,4,2,Auburn,1746,43560,1984,,255,,Sold,,,https://www.redfin.com/WY/Auburn/55-S-2nd-St-83111/home/135378117,TBOR,24-1391,Y,Y,42.7872119,-111.005119
PAST SALE,January-3-2025,Single Family Residential,140 Aztec Dr,Star Valley Ranch,WY,83127,769500,4,2.5,Star Valley Ranch,2924,29620,2005,,263,49,Sold,,,https://www.redfin.com/WY/Star-Valley-Ranch/140-Aztec-Dr-83127/home/135399058,TBOR,24-2514,N,Y,42.9918201,-110.9758232
PAST SALE,September-6-2024,Single Family Residential,38 Porto Pl,Star Valley Ranch,WY,83127,489900,4,3,Star Valley Ranch,2994,30492,1993,,164,383,Sold,,,https://www.redfin.com/WY/Star-Valley-Ranch/38-Porto-Pl-83127/home/187940006,TBOR,24-1322,Y,Y,42.9575076,-110.9444745
PAST SALE,May-15-2024,Single Family Residential,LOT 73 Rockbridge,Afton,WY,83110,739000,3,2.5,Rockbridge Meadows,1688,23086,2023,,438,73,Sold,,,https://www.redfin.com/WY/Afton/73-Rockbridge-Dr-83110/home/187934942,TBOR,24-423,N,Y,42.7342243,-110.9211479
PAST SALE,December-7-2023,Single Family Residential,301 Teala Dr,Etna,WY,83118,1375000,7,4,Henrys Mountain,6846,435600,2017,,201,600,Sold,,,https://www.redfin.com/WY/Etna/301-Teala-Dr-83118/home/192290973,TBOR,23-1065,N,Y,43.0153332,-110.9878583
PAST SALE,March-13-2025,Single Family Residential,330 Wright St,Thayne,WY,83127,549900,3,2,Thayne,1390,18730,2021,,396,,Sold,,,https://www.redfin.com/WY/Thayne/330-Wright-St-83127/home/180890702,TBOR,24-2749,N,Y,42.921029,-110.992896
PAST SALE,August-30-2024,Single Family Residential,200 Cove Rd,Thayne,WY,83127,4995000,6,3.5,Willow Creek Ranch,6627,1524600,2008,,754,1000,Sold,,,https://www.redfin.com/WY/Thayne/200-Cove-RD-83127/home/187935441,TBOR,24-1707,N,Y,42.849189,-110.957456
PAST SALE,April-29-2024,Single Family Residential,65 W 3rd Ave,Afton,WY,83110,399000,3,2,Afton,1444,36590,1935,,276,,Sold,,,https://www.redfin.com/WY/Afton/65-W-3rd-Ave-83110/home/135432227,TBOR,23-1632,Y,Y,42.7277529,-110.9352449
PAST SALE,October-4-2024,Single Family Residential,1015 Vista Dr,Star Valley Ranch,WY,83127,1350000,5,4,Star Valley Ranch,3546,25264,2022,,381,40,Sold,,,https://www.redfin.com/WY/Star-Valley-Ranch/1015-Vista-Dr-83127/home/165565306,TBOR,24-2072,N,Y,42.979114,-110.953302
PAST SALE,June-14-2024,Single Family Residential,3997 Wy-238,Auburn,WY,83111,375000,5,2,Auburn,1976,43560,1980,,190,,Sold,,,https://www.redfin.com/WY/Auburn/3997-Wy-238-83111/home/190529880,TBOR,24-669,N,Y,42.786255,-110.997758
PAST SALE,August-8-2024,Single Family Residential,697 Hardman Rd,Star Valley Ranch,WY,83127,525000,3,2,Star Valley Ranch,1519,23522,2005,,346,383,Sold,,,https://www.redfin.com/WY/Star-Valley-Ranch/697-Hardman-Rd-83127/home/135433267,TBOR,24-1341,N,Y,42.9610427,-110.9503406
PAST SALE,May-30-2024,Single Family Residential,4570 Cty Rd 123,Bedford,WY,83112,569000,3,2,Bedford,2329,43560,1988,,244,,Sold,,,https://www.redfin.com/WY/Bedford/4570-County-Road-123-Unknown/home/187933149,TBOR,24-361,N,Y,42.848842,-110.894482
PAST SALE,December-29-2023,Single Family Residential,315 Scrub Oak Dr,Star Valley Ranch,WY,83127,350000,3,2,Star Valley Ranch,1341,17424,1995,,261,457,Sold,,,https://www.redfin.com/WY/Star-Valley-Ranch/315-Scrub-Oak-Dr-83127/home/135359697,TBOR,23-1927,N,Y,42.965774,-110.981259
PAST SALE,October-15-2024,Single Family Residential,491 Redwood Rd,Star Valley Ranch,WY,83127,425000,3,2,Star Valley Ranch,1456,21780,2001,,292,49,Sold,,,https://www.redfin.com/WY/Star-Valley-Ranch/491-Redwood-Rd-83127/home/192036976,TBOR,24-2117,N,Y,42.9915516,-110.9595656
PAST SALE,March-14-2024,Single Family Residential,404 E 2nd Ave,Afton,WY,83110,385000,3,2,ZZZ--VOID--Do NOT Use,2027,19602,1969,,190,,Sold,,,https://www.redfin.com/WY/Afton/404-E-2nd-Ave-83110/home/135369858,TBOR,24-39,N,Y,42.728987,-110.9215346
PAST SALE,January-31-2024,Single Family Residential,461 W Elkhorn Dr,Star Valley Ranch,WY,83127,495000,3,2,Star Valley Ranch,1264,30492,2023,,392,468,Sold,,,https://www.redfin.com/WY/Star-Valley-Ranch/461-W-Elkhorn-Dr-83127/home/165569065,TBOR,23-2549,N,Y,42.991959,-110.976391
PAST SALE,June-21-2024,Single Family Residential,159 East St,Star Valley Ranch,WY,83127,439000,3,2,Star Valley Ranch,1176,22651,2005,,373,375,Sold,,,https://www.redfin.com/WY/Star-Valley-Ranch/159-East-St-83127/home/188125529,TBOR,24-648,N,Y,42.9559152,-110.9493363
PAST SALE,June-10-2024,Single Family Residential,1278 Co Rd 120,Thayne,WY,83127,1150000,6,3,Haystack #2,4539,232174,2014,,253,,Sold,,,https://www.redfin.com/WY/Thayne/1278-County-Road-120-83127/home/135472418,TBOR,24-540,N,Y,42.938072,-110.947538
PAST SALE,May-20-2024,Single Family Residential,148 Honeybee Ln,Afton,WY,83110,419900,3,2,Honeybee Meadows,1512,13939,2021,,278,50,Sold,,,https://www.redfin.com/WY/Afton/148-Honeybee-Ln-83110/home/175749155,TBOR,24-377,N,Y,42.695347,-110.93117
PAST SALE,August-19-2024,Single Family Residential,771 Country Club Way,Thayne,WY,83127,699000,5,3,Stewart Country Club Estates,2992,13939,2006,,234,1400,Sold,,,https://www.redfin.com/WY/Thayne/771-Country-Club-Way-83127/home/135359763,TBOR,24-1394,N,Y,42.9609554,-110.9745198
PAST SALE,November-13-2024,Single Family Residential,153 Honeybee Ln,Afton,WY,83110,415000,3,2,Honeybee Meadows,1406,15246,2023,,295,6,Sold,,,https://www.redfin.com/WY/Afton/153-Honeybee-Ln-83110/home/175749156,TBOR,24-2351,N,Y,42.695847,-110.931167
PAST SALE,April-24-2024,Single Family Residential,170 Bear Hollow Cir,Thayne,WY,83127,499500,3,2,Bear Hollow,1468,11325,2018,,340,,Sold,,,https://www.redfin.com/WY/Thayne/170-Bear-Holw-Cir-83127/home/165568636,TBOR,24-203,N,Y,42.916458,-110.982411
PAST SALE,October-21-2024,Single Family Residential,164 Cedar Dr,Star Valley Ranch,WY,83127,299000,2,2,Star Valley Ranch,1056,13068,1977,,283,49,Sold,,,https://www.redfin.com/WY/Star-Valley-Ranch/164-Cedar-Dr-83127/home/187962996,TBOR,24-2053,N,Y,42.9883105,-110.9619218
PAST SALE,July-5-2024,Single Family Residential,1244 County Road 120,Thayne,WY,83127,849000,5,3,Haystack #2,2880,209523,1994,,295,,Sold,,,https://www.redfin.com/WY/Unknown/1244-County-Road-120-83127/home/190425621,TBOR,24-553,N,Y,42.9381131,-110.9488454
PAST SALE,November-5-2024,Single Family Residential,327 Ponderosa Dr,Star Valley Ranch,WY,83127,539900,3,2,Star Valley Ranch,1468,27007,2021,,368,31,Sold,,,https://www.redfin.com/WY/Star-Valley-Ranch/327-Ponderosa-Dr-83127/home/165571415,TBOR,24-2248,N,Y,42.958401,-110.949008
PAST SALE,June-7-2024,Single Family Residential,27 Canyon Dr,Etna,WY,83118,1250000,3,1,Mountain Shadows,1700,180774,2018,,735,,Sold,,,https://www.redfin.com/WY/Etna/27-Canyon-Dr-83118/home/192291048,TBOR,24-472,N,Y,43.0504953,-110.9914642
PAST SALE,August-2-2024,Single Family Residential,697 Toms Canyon Rd,Auburn,WY,83111,395000,3,1,Auburn,1080,135036,1933,,366,,Sold,,,https://www.redfin.com/WY/Auburn/697-Toms-Canyon-Rd-83111/home/135402157,TBOR,24-752,N,Y,42.807715,-111.008202
PAST SALE,November-20-2024,Single Family Residential,95 Abe Ln,Bedford,WY,83112,550000,5,3,Bedford,2580,21780,2024,,213,25,Sold,,,https://www.redfin.com/WY/Bedford/95-Abe-Ln-83112/home/192383490,TBOR,24-2342,N,Y,42.9004356,-110.9425472
PAST SALE,September-25-2024,Vacant Land,450 Greys Loop,Alpine,WY,83128,165000,,,Greys River Village,,10018,,,,,Sold,,,https://www.redfin.com/WY/Alpine/102-U-S-89-83128/home/195243858,TBOR,24-1689,N,Y,43.1632712,-111.0193917
PAST SALE,June-26-2024,Single Family Residential,43 W Elkhorn Dr,Star Valley Ranch,WY,83127,774999,4,3,Prater Canyon,2490,24829,2002,,311,467,Sold,,,https://www.redfin.com/WY/Star-Valley-Ranch/43-W-Elkhorn-Dr-83127/home/135400188,TBOR,24-201,N,Y,42.996,-110.973707
PAST SALE,January-22-2025,Single Family Residential,522 Three Rivers Dr,Alpine,WY,83128,659000,3,2,Alpine,1371,21780,1994,,481,,Sold,,,https://www.redfin.com/WY/Alpine/522-3-Rivers-Dr-83128/home/195243825,TBOR,24-2744,N,Y,43.1582608,-111.003163
PAST SALE,February-14-2024,Single Family Residential,2173 Perkins Rd,Thayne,WY,83127,725000,5,3,Thayne,3200,87120,2023,,227,,Sold,,,https://www.redfin.com/WY/Thayne/2173-Perkins-Rd-83127/home/188747029,TBOR,23-2557,N,Y,42.9540991,-110.9752121
PAST SALE,March-27-2025,Single Family Residential,150 Lilac Dr,Star Valley Ranch,WY,83127,595000,4,3,Star Valley Ranch,2580,13068,2004,,231,581,Sold,,,https://www.redfin.com/WY/Star-Valley-Ranch/150-Lilac-Dr-83127/home/135376857,TBOR,25-27,N,Y,42.9623309,-110.9836698
PAST SALE,October-15-2024,Single Family Residential,64 Allred Rd,Afton,WY,83110,830000,3,3,Afton,2688,107593,2017,,309,,Sold,,,https://www.redfin.com/WY/Afton/64-Allred-Rd-83110/home/147182018,TBOR,24-1984,N,Y,42.7233651,-110.9520463
PAST SALE,March-29-2024,Single Family Residential,345 River Loop,Freedom,WY,83120,725000,3,2,River Ranches Fishing & Equestrian Estates,1624,257004,2016,,446,500,Sold,,,https://www.redfin.com/WY/Freedom/345-River-LOOP-83120/home/187962630,TBOR,23-2597,N,Y,42.995311,-111.019368
PAST SALE,June-27-2024,Single Family Residential,1701 County Road 120,Thayne,WY,83127,799000,4,3.5,Thayne,3003,206038,1974,,266,,Sold,,,https://www.redfin.com/WY/Star-Valley-Ranch/1701-County-Road-120-83127/home/187935079,TBOR,24-580,N,Y,42.939627,-110.939703
PAST SALE,June-25-2024,Single Family Residential,78 Bison Meadows Ln,Thayne,WY,83127,1199000,5,4,Thayne,3902,275734,2023,,307,,Sold,,,https://www.redfin.com/WY/Thayne/78-Bison-Meadows-Ln-83127/home/180890723,TBOR,24-555,N,Y,42.9009069,-110.99946
PAST SALE,November-7-2024,Single Family Residential,15 Snow Dr,Star Valley Ranch,WY,83127,549900,3,2,Star Valley Ranch,1548,28314,1994,,355,40,Sold,,,https://www.redfin.com/WY/Star-Valley-Ranch/15-Snow-DR-83127/home/192093812,TBOR,24-2158,N,Y,42.997861,-110.972329
PAST SALE,March-8-2024,Single Family Residential,96 White Ave,Star Valley Ranch,WY,83127,699000,3,2.5,Star Valley Ranch,2406,26136,1984,,291,467,Sold,,,https://www.redfin.com/WY/Star-Valley-Ranch/96-White-AVE-83127/home/188923037,TBOR,23-2645,N,Y,42.984251,-110.954827
PAST SALE,January-4-2024,Single Family Residential,384 Olympic Dr,Etna,WY,83118,995000,2,3,Buffalo Run,1627,217364,2017,,612,1500,Sold,,,https://www.redfin.com/WY/Etna/384-Olympic-Dr-83118/home/135486597,TBOR,23-2194,N,Y,43.0760099,-111.013087
PAST SALE,September-19-2024,Single Family Residential,143 Aspen Way,Thayne,WY,83127,520000,3,2,Prater Canyon,1792,20908,2013,,290,,Sold,,,https://www.redfin.com/WY/Thayne/143-Aspen-Way-83127/home/191330649,TBOR,24-1582,N,Y,42.9958203,-110.9710562
PAST SALE,April-10-2024,Single Family Residential,355 Upper Rd,Alpine,WY,83128,2200000,4,3.5,Shadow Dancer,3980,158994,2019,,553,3000,Sold,,,https://www.redfin.com/WY/Alpine/355-Upper-RD-83128/home/187939192,TBOR,24-51,N,Y,43.119205,-111.016177
PAST SALE,August-30-2024,Single Family Residential,174 Redwood Rd,Star Valley Ranch,WY,83127,535000,3,3,Star Valley Ranch,1884,17424,1977,,284,593,Sold,,,https://www.redfin.com/WY/Star-Valley-Ranch/174-Redwood-Rd-83127/home/135422943,TBOR,24-1232,N,Y,42.9884937,-110.9558212
PAST SALE,September-17-2024,Single Family Residential,110 Chokecherry Dr,Alpine,WY,83128,995000,3,2.5,Broken Wheel Ranch,2556,69260,1994,,389,67,Sold,,,https://www.redfin.com/WY/Alpine/110-Chokecherry-Dr-83128/home/135411769,TBOR,24-467,N,Y,43.1060484,-111.0173138
PAST SALE,August-16-2024,Single Family Residential,215 North Forest Dr,Star Valley Ranch,WY,83127,998000,3,2.5,Star Valley Ranch,2784,44866,2007,,358,581,Sold,,,https://www.redfin.com/WY/Star-Valley-Ranch/215-N-Forest-Dr-83127/home/187933450,TBOR,24-1068,N,Y,42.992859,-110.968229
PAST SALE,July-12-2024,Single Family Residential,983 Allred Rd,Afton,WY,83110,429000,2,2,Afton,1658,21780,1981,,259,,Sold,,,https://www.redfin.com/WY/Afton/983-Allred-Rd-83110/home/135412342,TBOR,24-672,N,Y,42.7360315,-110.9534914
PAST SALE,December-13-2024,Single Family Residential,1443 Muddy String Rd,Thayne,WY,83127,499000,3,2,Thayne,1640,77972,1959,,304,,Sold,,,https://www.redfin.com/WY/Thayne/1443-Muddy-String-Rd-83127/home/195244527,TBOR,24-2121,N,Y,42.9379664,-110.97325
PAST SALE,August-20-2024,Single Family Residential,572 Salt River Ln,Thayne,WY,83127,2650000,4,1.5,Salt River Ranch,3360,653400,2013,,789,951,Sold,,,https://www.redfin.com/WY/Thayne/572-Salt-River-LN-83127/home/190660670,TBOR,24-848,N,Y,42.883569,-110.999679
PAST SALE,July-12-2024,Single Family Residential,231 River Rock Rd,Smoot,WY,83126,1050000,6,3.5,Smoot,3646,522720,1996,,288,,Sold,,,https://www.redfin.com/WY/Smoot/231-River-Rock-RD-83126/home/190489380,TBOR,24-602,N,Y,42.652383,-110.951402
PAST SALE,October-22-2024,Single Family Residential,713 River Loop,Freedom,WY,83120,2190000,4,3,River Ranches Fishing & Equestrian Estates,4426,239580,2015,,495,29,Sold,,,https://www.redfin.com/WY/Freedom/713-River-LOOP-83120/home/190604480,TBOR,24-1491,N,Y,43.001046,-111.019353
PAST SALE,September-17-2024,Single Family Residential,92 E 3rd Ave,Afton,WY,83110,399000,4,2.5,Afton,1736,13503,1937,,230,,Sold,,,https://www.redfin.com/WY/Afton/92-E-3rd-Ave-83110/home/135346790,TBOR,24-1421,N,Y,42.7271508,-110.9309146
PAST SALE,September-30-2024,Single Family Residential,46 Oatgrass St,Alpine,WY,83128,985000,4,2,Alpine Meadows,1891,17424,2015,,521,27,Sold,,,https://www.redfin.com/WY/Alpine/46-Oatgrass-St-83128/home/143245266,TBOR,24-1550,N,Y,43.1728159,-111.0262444
PAST SALE,December-30-2024,Single Family Residential,309 Snake Dr,Alpine,WY,83128,899999,4,3,Riverview Meadows,3741,14374,1994,,241,150,Sold,,,https://www.redfin.com/WY/Alpine/309-Snake-DR-83128/home/187961677,TBOR,24-2457,N,Y,43.161819,-111.028291
PAST SALE,February-28-2024,Single Family Residential,64 Black Cir,Etna,WY,83118,715000,3,2,Black Creek Ranches,1404,214750,2022,,509,500,Sold,,,https://www.redfin.com/WY/Etna/64-Black-Creek-Cir-83118/home/192291068,TBOR,23-2359,N,Y,43.0500175,-111.0246875
PAST SALE,August-9-2024,Single Family Residential,307 Cedar Dr Unit 10-16,Thayne,WY,83127,394900,3,2,Cedar Springs Meadows,1400,4791,2007,,282,2622,Sold,,,https://www.redfin.com/WY/Thayne/307-Cedar-DR-83127/unit-10-16/home/190417502,TBOR,24-579,N,Y,42.95915,-110.978918
PAST SALE,May-19-2025,Single Family Residential,45 Little Greys Loop,Etna,WY,83118,599000,3,2,Etna Village Estates,1691,22651,2018,,354,50,Sold,,,https://www.redfin.com/WY/Etna/45-Little-Greys-Loop-83118/home/165559927,TBOR,25-191,N,Y,43.03526,-111.01747
PAST SALE,May-27-2025,Single Family Residential,800 Strawberry Creek Rd,Thayne,WY,83127,2800000,2,2,Thayne,1230,5227200,2021,,2276,,Sold,,,https://www.redfin.com/WY/Thayne/800-Strawberry-Creek-Rd-83127/home/191607240,TBOR,25-51,N,Y,42.887005,-110.9779925
PAST SALE,September-6-2024,Single Family Residential,277 W Reserve Dr,Alpine,WY,83128,4750000,5,4,Alpine Village,4153,61855,2011,,1144,6400,Sold,,,https://www.redfin.com/WY/Alpine/277-W-Reserve-Dr-83128/home/135360998,TBOR,24-1110,N,Y,43.1843185,-111.0373026
PAST SALE,March-3-2025,Single Family Residential,576 Jefferson St,Afton,WY,83110,420000,5,2,Afton,2235,5662,1967,,188,,Sold,,,https://www.redfin.com/WY/Afton/576-Jefferson-St-83110/home/135387769,TBOR,24-2661,N,Y,42.7214311,-110.9287527
PAST SALE,November-7-2024,Single Family Residential,200 A St,Bedford,WY,83112,698000,5,3,Bedford,2358,23086,2001,,296,,Sold,,,https://www.redfin.com/WY/Bedford/200-A-St-83112/home/135360497,TBOR,24-1933,N,Y,42.9013713,-110.9396965
PAST SALE,August-15-2024,Single Family Residential,246 Kara St,Alpine,WY,83128,1690000,3,2.5,Trail Creek,2638,290545,2003,,641,600,Sold,,,https://www.redfin.com/WY/Alpine/246-Kara-St-83128/home/135360623,TBOR,24-823,N,Y,43.104968,-111.030682
PAST SALE,December-27-2024,Single Family Residential,267 Adams St,Afton,WY,83110,429900,4,2,Afton,1912,13503,1954,,225,,Sold,,,https://www.redfin.com/WY/Afton/267-Adams-St-83110/home/135425080,TBOR,24-2350,N,Y,42.7280559,-110.9302265
PAST SALE,September-16-2024,Single Family Residential,20 Ridgecrest Dr,Star Valley Ranch,WY,83127,605000,3,2,Star Valley Ranch,2414,24829,1997,,251,480,Sold,,,https://www.redfin.com/WY/Star-Valley-Ranch/20-Ridgecrest-Dr-83127/home/187963068,TBOR,24-598,N,Y,42.973856,-110.954399
PAST SALE,November-1-2024,Single Family Residential,33 Fir Pl,Star Valley Ranch,WY,83127,685000,3,1,Star Valley Ranch,1077,16117,1991,,636,49,Sold,,,https://www.redfin.com/WY/Star-Valley-Ranch/33-Fir-Pl-83127/home/135417976,TBOR,24-1817,N,Y,42.984888,-110.953448
PAST SALE,June-5-2025,Single Family Residential,413 S Lincoln St,Afton,WY,83110,385000,4,2,ZZZ--VOID--Do NOT Use,2118,8712,1912,,182,,Sold,,,https://www.redfin.com/WY/Afton/413-Lincoln-St-83110/home/135376395,TBOR,25-223,N,Y,42.725133,-110.9359532
PAST SALE,September-20-2024,Single Family Residential,53 Custer Dr,Star Valley Ranch,WY,83127,695000,4,3,Star Valley Ranch,2676,24829,2005,,260,387,Sold,,,https://www.redfin.com/WY/Star-Valley-Ranch/53-Custer-Dr-83127/home/135436589,TBOR,24-838,N,Y,42.9557475,-110.9545987
PAST SALE,February-2-2024,Single Family Residential,378 Sugar Dr,Star Valley Ranch,WY,83127,580000,4,3,Star Valley Ranch,1947,22215,1989,,298,418,Sold,,,https://www.redfin.com/WY/Star-Valley-Ranch/378-Sugar-DR-83127/home/187933088,TBOR,23-2165,N,Y,42.981217,-110.969995
PAST SALE,October-11-2024,Single Family Residential,10 Wiemann Way,Alpine,WY,83128,5750000,2,2.5,Alpine,3187,87120,2015,,1804,1000,Sold,,,https://www.redfin.com/WY/Alpine/10-Wiemann-Way-83128/home/135494541,TBOR,24-1486,N,Y,43.1790464,-111.0308344
PAST SALE,November-8-2024,Single Family Residential,277 Madison St,Afton,WY,83110,435000,4,2,Afton,1558,10018,1957,,279,,Sold,,,https://www.redfin.com/WY/Afton/277-Madison-St-83110/home/135437569,TBOR,24-1828,N,Y,42.727749,-110.92452
PAST SALE,February-7-2024,Single Family Residential,333 Aspen Trl,Alpine,WY,83128,1695000,5,3.5,Aspen Ridge Estates,4317,22215,2008,,393,1350,Sold,,,https://www.redfin.com/WY/Alpine/333-Aspen-Ln-83128/home/187933613,TBOR,23-2183,N,Y,43.108264,-111.018528
PAST SALE,October-23-2024,Single Family Residential,544 Madison Ave,Afton,WY,83110,289900,3,2,Afton,1584,10890,1949,,183,,Sold,,,https://www.redfin.com/WY/Afton/544-Madison-St-83110/home/135426645,TBOR,24-1583,N,Y,42.7221454,-110.9257723
PAST SALE,February-9-2024,Single Family Residential,573 Richardson Crk,Afton,WY,83110,1750000,4,3.5,Afton,4156,2094364,2005,,421,,Sold,,,https://www.redfin.com/WY/Afton/573-Richardson-Crk-83110/home/135425009,TBOR,23-1826,N,Y,42.7055213,-111.0048269
PAST SALE,January-2-2025,Single Family Residential,820 N Hwy 89,Thayne,WY,83127,329000,3,1,Thayne,1050,22215,1935,,313,,Sold,,,https://www.redfin.com/WY/Thayne/820-U-S-Highway-89-Unknown/home/192322954,TBOR,24-2327,N,Y,42.930242,-111.006924
PAST SALE,October-31-2024,Single Family Residential,344 Cedar Dr,Star Valley Ranch,WY,83127,515000,2,2,Star Valley Ranch,1446,17424,1998,,356,31,Sold,,,https://www.redfin.com/WY/Star-Valley-Ranch/344-Cedar-Dr-83127/home/135392571,TBOR,24-1126,N,Y,42.991013,-110.961976
PAST SALE,November-15-2024,Single Family Residential,423 Conestoga Rd,Etna,WY,83128,3485000,7,3.5,Etna,5180,1524600,2016,,673,,Sold,,,https://www.redfin.com/WY/Etna/423-Conestoga-Rd-83118/home/135435137,TBOR,24-1614,N,Y,43.054911,-111.0189461
PAST SALE,March-29-2024,Single Family Residential,5515 Grouse Loop Rd,Freedom,WY,83120,,3,4,Freedom,5913,564537,1980,,,,Sold,,,https://www.redfin.com/WY/Freedom/5515-Grouse-Loop-RD-83120/home/188073729,WFRMLS,1860195,N,Y,42.9825783,-111.0437503
PAST SALE,August-20-2024,Single Family Residential,9 Custer Dr,Star Valley Ranch,WY,83127,545000,3,2,Star Valley Ranch,1404,23086,2019,,388,375,Sold,,,https://www.redfin.com/WY/Star-Valley-Ranch/9-Custer-Dr-83127/home/165564740,TBOR,24-634,N,Y,42.956406,-110.954141
PAST SALE,December-16-2024,Single Family Residential,51 Mahogany Way,Star Valley Ranch,WY,83127,679000,3,2,Star Valley Ranch,3056,21780,2022,,222,49,Sold,,,https://www.redfin.com/WY/Star-Valley-Ranch/51-Mahogany-Way-83127/home/187936003,TBOR,24-1822,N,Y,43.0033486,-110.9790875
PAST SALE,August-14-2024,Single Family Residential,158 Ponderosa Dr,Star Valley Ranch,WY,83127,875000,5,3.5,Star Valley Ranch,3194,28749,2020,,274,371,Sold,,,https://www.redfin.com/WY/Star-Valley-Ranch/158-Ponderosa-Dr-83127/home/192290825,TBOR,24-545,N,Y,42.958834,-110.952734
PAST SALE,October-25-2024,Single Family Residential,142 Co Rd 184,Freedom,WY,83120,525000,3,2.5,Freedom,2018,51400,1940,,260,,Sold,,,https://www.redfin.com/WY/Freedom/142-County-Road-184-83120/home/135431058,TBOR,24-1026,N,Y,42.995579,-111.0420588
PAST SALE,December-19-2024,Single Family Residential,250 Salt River Rnch,Thayne,WY,83127,3888000,4,3.5,Salt River Ranch,3298,417304,2021,,1179,74,Sold,,,https://www.redfin.com/WY/Thayne/250-Salt-River-Ranch-Ln-83127/home/195244045,TBOR,24-2090,N,Y,42.889199,-111.0018379
PAST SALE,April-10-2025,Single Family Residential,40 Chokecherry Dr,Star Valley Ranch,WY,83127,776000,3,2,Star Valley Ranch,2159,39204,2008,,359,52,Sold,,,https://www.redfin.com/WY/Star-Valley-Ranch/40-Chokecherry-Dr-83127/home/135394786,TBOR,24-2815,N,Y,42.9975856,-110.978524
PAST SALE,October-31-2024,Single Family Residential,117 Solitude Dr,Star Valley Ranch,WY,83127,599000,3,2,Star Valley Ranch,1803,22651,2015,,332,40,Sold,,,https://www.redfin.com/WY/Star-Valley-Ranch/117-Solitude-Dr-83127/home/135479170,TBOR,24-1462,N,Y,42.977137,-110.961888
PAST SALE,August-16-2024,Single Family Residential,195 Wicki-up Way,Afton,WY,83110,429900,3,2,Wicki-up Estates,1512,95832,2022,,284,,Sold,,,https://www.redfin.com/WY/Afton/195-Wicki-Up-Way-83110/home/165563059,TBOR,24-517,Y,Y,42.6755454,-110.9280613
PAST SALE,September-9-2024,Single Family Residential,346 Monroe St,Afton,WY,83110,489000,5,3,Afton,2800,15681,1976,,175,,Sold,,,https://www.redfin.com/WY/Afton/346-Monroe-St-83110/home/135377976,TBOR,24-749,N,Y,42.7262043,-110.9225125
PAST SALE,May-28-2025,Single Family Residential,583 Country Club Way,Thayne,WY,83127,597000,2,2,Stewart Country Club Estates,1395,13939,2007,,428,117,Sold,,,https://www.redfin.com/WY/Thayne/583-Country-Club-Way-83127/home/135390216,TBOR,24-2844,N,Y,42.9609631,-110.9784638
PAST SALE,November-15-2024,Single Family Residential,34 Vista East Dr,Star Valley Ranch,WY,83127,569000,3,3,Star Valley Ranch,1991,22651,1995,,286,35,Sold,,,https://www.redfin.com/WY/Star-Valley-Ranch/34-Vista-East-Dr-83127/home/195244260,TBOR,24-1667,N,Y,42.9793281,-110.9583107
PAST SALE,February-25-2025,Single Family Residential,60 Shooting Star Dr,Thayne,WY,83127,1849000,5,4.5,Shooting Star,4056,189486,2017,,456,350,Sold,,,https://www.redfin.com/WY/Thayne/60-Shooting-Star-Dr-83127/home/147181328,TBOR,24-2582,N,Y,42.93137,-110.935165
PAST SALE,December-13-2024,Single Family Residential,615 Sky Rd,Smoot,WY,83126,6300000,6,4.5,Smoot,8995,3223004,2019,,700,,Sold,,,https://www.redfin.com/WY/Smoot/615-Sky-RD-Unknown/home/191767359,TBOR,24-1928,N,Y,42.582602,-110.899252
PAST SALE,December-2-2024,Single Family Residential,253 Southbrook Dr,Thayne,WY,83127,1495000,5,3.5,Southbrook Ranches,4055,595029,1995,,369,25,Sold,,,https://www.redfin.com/WY/Thayne/253-Southbrook-Dr-83127/home/135423523,TBOR,24-1336,N,Y,42.943541,-111.0139656
PAST SALE,December-23-2024,Single Family Residential,3438 Hwy 238,Auburn,WY,83111,699000,6,3,Auburn,3863,87120,1994,,181,,Sold,,,https://www.redfin.com/WY/Auburn/3438-State-Highway-238-83111/home/135385317,TBOR,24-2008,N,Y,42.8001334,-110.9988995
PAST SALE,March-17-2025,Single Family Residential,141 County Road 184,Freedom,WY,83120,1095000,2,2,Freedom,1180,108900,2003,,928,,Sold,,,https://www.redfin.com/WY/Freedom/141-County-Road-184-83120/home/135431048,TBOR,24-2123,N,Y,42.996962,-111.0415212
PAST SALE,May-30-2024,Single Family Residential,571 E Cottage Dr,Alpine,WY,83128,465000,2,1,Livingston,952,10018,1940,,488,,Sold,,,https://www.redfin.com/WY/Alpine/571-E-Cottage-Ln-83128/home/135365863,TBOR,23-2350,N,Y,43.17422,-111.03219
PAST SALE,November-4-2024,Single Family Residential,190 Cottonwood Creek Rd,Smoot,WY,83126,695000,4,3,Smoot,2382,158558,1980,,292,,Sold,,,https://www.redfin.com/WY/Smoot/190-Cottonwood-Creek-Rd-83126/home/191088551,TBOR,24-1344,N,Y,42.6123188,-110.8695673
PAST SALE,December-13-2024,Single Family Residential,467 Reeves Schwab Rd,Smoot,WY,83126,6388500,5,4,Smoot,7482,3680820,2020,,854,,Sold,,,https://www.redfin.com/WY/Smoot/467-Reeves-Schwab-Rd-83126/home/168771931,TBOR,24-1882,N,Y,42.601809,-110.929234
PAST SALE,January-28-2025,Single Family Residential,264 Evergreen Dr,Star Valley Ranch,WY,83127,1225000,4,3,Star Valley Ranch,2746,35283,1995,,446,49,Sold,,,https://www.redfin.com/WY/Star-Valley-Ranch/264-Evergreen-Dr-83127/home/187940261,TBOR,24-2321,N,Y,43.0078594,-110.9745307
PAST SALE,September-5-2024,Single Family Residential,49 Betsy Ct,Bedford,WY,83112,675000,4,3,Green Valley,2992,38332,2016,,226,,Sold,,,https://www.redfin.com/WY/Bedford/49-Betsy-Ct-83112/home/143244486,TBOR,24-562,N,Y,42.896085,-110.914588
PAST SALE,April-4-2025,Single Family Residential,251 Adams St,Afton,WY,83110,349000,3,2,Afton,2130,13503,1961,,164,,Sold,,,https://www.redfin.com/WY/Afton/251-Adams-St-83110/home/135361168,TBOR,24-2734,N,Y,42.7283187,-110.9302197
PAST SALE,November-15-2024,Single Family Residential,242 Pine St,Alpine,WY,83128,1279000,2,2,Rees Subdivision,1568,44431,2005,,816,,Sold,,,https://www.redfin.com/WY/Alpine/242-Pine-St-83128/home/135342960,TBOR,24-1457,N,Y,43.176983,-111.011996
PAST SALE,January-31-2025,Single Family Residential,99 Lilac Dr,Star Valley Ranch,WY,83127,525000,3,2,Star Valley Ranch,1625,17424,2024,,323,49,Sold,,,https://www.redfin.com/WY/Star-Valley-Ranch/99-Lilac-Dr-83127/home/192257311,TBOR,24-2265,N,Y,42.9631787,-110.9832973
PAST SALE,January-7-2025,Single Family Residential,693 E Cottage Ln,Alpine,WY,83128,359000,3,2,Leon Livingston,896,10018,1985,,401,,Sold,,,https://www.redfin.com/WY/Alpine/693-E-Cottage-Ln-83128/home/191918596,TBOR,24-2046,N,Y,43.1750247,-111.0332901
PAST SALE,March-25-2025,Single Family Residential,1240 Saddle Dr,Etna,WY,83118,749000,5,3,Nordic Ranches,3048,87120,2001,,246,,Sold,,,https://www.redfin.com/WY/Etna/1240-Saddle-Dr-83118/home/135352279,TBOR,24-2051,N,Y,43.081393,-111.005865
PAST SALE,April-18-2025,Single Family Residential,68 Brushwood Dr,Star Valley Ranch,WY,83127,525000,3,2,Star Valley Ranch,1625,13068,2024,,323,49,Sold,,,https://www.redfin.com/WY/Star-Valley-Ranch/68-Brushwood-Dr-83127/home/192257090,TBOR,24-2264,N,Y,42.9653005,-110.9841871
PAST SALE,October-11-2024,Single Family Residential,325 Snake Dr,Alpine,WY,83128,899000,4,3,Riverview Meadows,2880,14374,2002,,312,17,Sold,,,https://www.redfin.com/WY/Alpine/325-Snake-DR-83128/home/190609362,TBOR,24-738,N,Y,43.161823,-111.029643
PAST SALE,November-8-2024,Single Family Residential,253 Scrub Oak Dr,Star Valley Ranch,WY,83127,575000,3,2,Star Valley Ranch,1650,17424,2024,,348,48,Sold,,,https://www.redfin.com/WY/Star-Valley-Ranch/253-Scrub-Oak-Dr-83127/home/190886098,TBOR,24-1088,N,Y,42.9667836,-110.9817569
PAST SALE,December-16-2024,Single Family Residential,619 Roberts Rd,Etna,WY,83118,1275000,3,2,The Aspens at Clark Lane,3130,100623,2010,,407,50,Sold,,,https://www.redfin.com/WY/Etna/619-Roberts-Rd-83118/home/135438683,TBOR,24-1559,N,Y,43.0039289,-110.9848118
PAST SALE,February-21-2025,Single Family Residential,76 Solitude Dr,Star Valley Ranch,WY,83127,565000,3,2,Star Valley Ranch,1840,22651,2002,,307,475,Sold,,,https://www.redfin.com/WY/Star-Valley-Ranch/76-Solitude-Dr-83127/home/187963509,TBOR,24-2287,N,Y,42.9776474,-110.9628416
PAST SALE,October-25-2024,Single Family Residential,LOT 44 Rusty Springs Ln,Thayne,WY,83127,439900,3,2,The Meadows,1200,13939,2024,,367,42,Sold,,,https://www.redfin.com/WY/Unknown/LOT-44-Rusty-Springs-Ln-83127/home/190667906,TBOR,24-850,N,Y,42.918663,-110.979168
PAST SALE,July-31-2024,Single Family Residential,1813 East Etna South Rd,Etna,WY,83118,1095000,5,4,Stonefly Ranch,5157,217800,2008,,212,,Sold,,,https://www.redfin.com/WY/Etna/1813-E-Etna-South-Rd-83118/home/190732849,TBOR,24-165,N,Y,43.006433,-110.991157
PAST SALE,September-30-2024,Single Family Residential,415 Forest Road 21,Alpine,WY,83128,285000,2,1,ZZZ--VOID--Do NOT Use,756,,1960,,377,,Sold,,,https://www.redfin.com/WY/Alpine/415-Forest-Rd-83128/home/187932971,TBOR,23-2197,N,Y,43.1780928,-111.0129543
PAST SALE,October-30-2024,Single Family Residential,LOT 41 Rusty Springs Ln,Thayne,WY,83127,394900,3,2,The Meadows,1200,13503,2024,,329,42,Sold,,,https://www.redfin.com/WY/Unknown/LOT-41-Rusty-Springs-Ln-83127/home/190683608,TBOR,24-866,N,Y,42.918113,-110.979715
PAST SALE,November-14-2024,Single Family Residential,30 Last Chance Cir,Star Valley Ranch,WY,83127,799000,3,2.5,Star Valley Ranch,2560,28314,1996,,312,31,Sold,,,https://www.redfin.com/WY/Star-Valley-Ranch/30-Last-Chance-Cir-83127/home/190686349,TBOR,24-699,N,Y,42.9657157,-110.9512469
PAST SALE,October-25-2024,Single Family Residential,501 Keystone Trl,Etna,WY,83118,4950000,5,3.5,Etna,6116,1614769,2002,,809,,Sold,,,https://www.redfin.com/WY/Etna/501-Keystone-Trl-83118/home/135438625,TBOR,24-797,N,Y,43.027721,-110.97883
PAST SALE,May-15-2025,Single Family Residential,246 Ponderosa Dr,Star Valley Ranch,WY,83127,570000,3,2,Star Valley Ranch,1600,23086,2024,,356,40,Sold,,,https://www.redfin.com/WY/Star-Valley-Ranch/246-Ponderosa-Dr-83127/home/193047050,TBOR,24-2601,N,Y,42.9579441,-110.9512396
PAST SALE,October-24-2024,Single Family Residential,106 Yellowstone Dr,Thayne,WY,83127,998000,4,3,Bridger View Ranches,3414,116305,2007,,292,113,Sold,,,https://www.redfin.com/WY/Thayne/106-Yellowstone-Dr-83127/home/191429632,TBOR,24-735,N,Y,42.9691403,-110.9931104
PAST SALE,June-20-2024,Single Family Residential,28 Star Peaks Ct,Star Valley Ranch,WY,83127,1250000,4,3.5,Star Valley Ranch,4771,39639,2023,,262,480,Sold,,,https://www.redfin.com/WY/Star-Valley-Ranch/28-Star-Peaks-Ct-83127/home/165565305,TBOR,23-1060,N,Y,42.97965,-110.954896
PAST SALE,August-23-2024,Single Family Residential,102 Scrub Oak Dr,Star Valley Ranch,WY,83127,449000,3,2,Star Valley Ranch,1287,13068,2002,,349,593,Sold,,,https://www.redfin.com/WY/Star-Valley-Ranch/102-Scrub-Oak-Dr-83127/home/135376804,TBOR,24-215,N,Y,42.962568,-110.980545
PAST SALE,November-4-2024,Single Family Residential,102 Spruce St,Alpine,WY,83128,1395000,2,2,Rees Subdivision,1416,21780,2018,,985,100,Sold,,,https://www.redfin.com/WY/Alpine/102-Spruce-St-83128/home/165569411,TBOR,24-546,N,Y,43.177937,-111.014573
PAST SALE,November-25-2024,Single Family Residential,188 Shooting Star Dr,Thayne,WY,83127,1295000,4,3.5,Shooting Star,3912,251776,2021,,331,38,Sold,,,https://www.redfin.com/WY/Thayne/188-Shooting-Star-Dr-83127/home/135360299,TBOR,24-1035,N,Y,42.9308777,-110.9373246
PAST SALE,February-28-2025,Single Family Residential,840 Allred Rd,Afton,WY,83110,419489,4,2,Afton,1783,112384,1933,,235,,Sold,,,https://www.redfin.com/WY/Afton/840-Allred-Rd-83110/home/135383493,TBOR,24-1445,Y,Y,42.7339533,-110.9526908
PAST SALE,December-9-2024,Single Family Residential,260 Hawthorn Dr,Alpine,WY,83128,895000,3,3,Broken Wheel Ranch,2432,33105,1982,,368,67,Sold,,,https://www.redfin.com/WY/Alpine/260-Hawthorne-Dr-83128/home/135410231,TBOR,24-1207,N,Y,43.1062919,-111.0190097
PAST SALE,May-9-2025,Single Family Residential,190 Meadow Dr,Alpine,WY,83128,799000,3,2.5,Meadow Ridge Estates,2600,22651,2024,,307,113,Sold,,,https://www.redfin.com/WY/Alpine/190-Meadows-Dr-83128/home/193337406,TBOR,24-2703,N,Y,43.1603857,-111.0103275
PAST SALE,December-3-2024,Single Family Residential,324 Little Greys Lp Loop,Etna,WY,83118,575000,4,2.5,Etna Village Estates,1822,22215,2024,,316,70,Sold,,,https://www.redfin.com/WY/Etna/324-Little-Greys-Loop-83118/home/165575269,TBOR,24-1107,N,Y,43.034863,-111.019779
PAST SALE,April-24-2024,Single Family Residential,425 Jackson St,Afton,WY,83110,630000,6,3.5,Afton,4161,10890,1947,,151,,Sold,,,https://www.redfin.com/WY/Afton/425-Jackson-St-83110/home/135358910,TBOR,23-2289,N,Y,42.7234877,-110.92879
PAST SALE,September-20-2024,Single Family Residential,1663 Spring Rd,Fairview,WY,83119,575000,3,3,Fairview,2040,79714,2022,,282,,Sold,,,https://www.redfin.com/WY/Fairview/1663-Spring-RD-83119/home/189960763,TBOR,24-308,N,Y,42.666842,-110.988121
PAST SALE,May-8-2024,Single Family Residential,71 Willow Dr,Alpine,WY,83128,1125000,4,3,Salt River Cove,3088,54014,2016,,364,1300,Sold,,,https://www.redfin.com/WY/Alpine/71-Willow-DR-83128/home/187933059,TBOR,23-850,N,Y,43.116381,-111.025707
PAST SALE,June-12-2025,Single Family Residential,17 Ponderosa Pl,Star Valley Ranch,WY,83127,529000,3,2,Star Valley Ranch,1408,25264,2018,,376,31,Sold,,,https://www.redfin.com/WY/Star-Valley-Ranch/17-Ponderosa-Pl-83127/home/165568115,TBOR,24-2309,N,Y,42.958292,-110.950607
PAST SALE,September-5-2024,Single Family Residential,443 Co Rd 115,Etna,WY,83120,640000,5,2,Etna,3069,43995,2020,,209,,Sold,,,https://www.redfin.com/WY/Etna/443-Co-Rd-115-83120/home/188951776,TBOR,23-2666,N,Y,42.99735,-111.003657
PAST SALE,February-26-2025,Single Family Residential,24 Box Elder Pl,Star Valley Ranch,WY,83127,520000,3,2.5,Star Valley Ranch,1680,21780,1997,,310,480,Sold,,,https://www.redfin.com/WY/Star-Valley-Ranch/24-Box-Elder-Pl-83127/home/195243859,TBOR,24-1423,N,Y,42.9987797,-110.9797931
PAST SALE,December-13-2024,Single Family Residential,615 Jackson St,Afton,WY,83110,560000,4,3,Afton,3648,17859,1952,,154,,Sold,,,https://www.redfin.com/WY/Afton/615-Jackson-St-83110/home/135423189,TBOR,24-919,N,Y,42.7209434,-110.9293718
PAST SALE,November-1-2024,Single Family Residential,328 Wagner Trl,Smoot,WY,83126,855000,6,2,Wagner View,3016,435600,2020,,283,,Sold,,,https://www.redfin.com/WY/Smoot/328-Wagner-TRL-Unknown/home/190255272,TBOR,24-458,N,Y,42.635453,-110.944307
PAST SALE,May-7-2025,Single Family Residential,626 Snake River St,Alpine,WY,83128,898000,3,2.5,Riverview Meadows,2028,15681,2019,,443,17,Sold,,,https://www.redfin.com/WY/Alpine/626-Snake-River-ST-83128/home/192261157,TBOR,24-2240,N,Y,43.16186,-111.032627
PAST SALE,November-27-2024,Single Family Residential,607 Alpine Village Loop,Alpine,WY,83128,1495000,3,2.5,Alpine Lakes,4633,43995,2006,,323,29,Sold,,,https://www.redfin.com/WY/Alpine/607-Alpine-Village-Loop-83128/home/192351968,TBOR,24-565,N,Y,43.1864994,-111.03343
PAST SALE,June-7-2024,Single Family Residential,193 Caribou Forest Dr,Alpine,WY,83128,695000,2,2,Alpine Retreat,1395,21780,2020,,498,500,Sold,,,https://www.redfin.com/WY/Alpine/193-Caribou-Frst-Dr-83128/home/165575448,TBOR,23-964,N,Y,43.1212436,-111.0401005
PAST SALE,January-3-2025,Single Family Residential,492 N Main St,Thayne,WY,83127,589000,3,2,Thayne,1941,44866,1958,,303,,Sold,,,https://www.redfin.com/WY/Thayne/492-N-Main-St-83127/home/135391259,TBOR,24-951,N,Y,42.9230371,-111.0020119
PAST SALE,November-15-2024,Single Family Residential,333 Wagner Trl,Smoot,WY,83126,1150000,3,2.5,Wagner View,3103,435600,2020,,371,,Sold,,,https://www.redfin.com/WY/Smoot/333-Wagner-TRL-Unknown/home/190255271,TBOR,24-459,N,Y,42.63792,-110.944359
PAST SALE,July-31-2024,Single Family Residential,50 Bear Creek Dr,Thayne,WY,83127,699000,3,2,Bear Creek Estates,1512,189486,2018,,462,300,Sold,,,https://www.redfin.com/WY/Thayne/50-Bear-Creek-DR-83127/home/187933314,TBOR,23-643,N,Y,42.93852,-110.95743
PAST SALE,June-10-2024,Single Family Residential,731 Pine Crest Cir,Alpine,WY,83128,675000,2,2.5,Lakeview Estates,1920,8712,1971,,352,,Sold,,,https://www.redfin.com/WY/Alpine/731-Pinecrest-County-Rd-83128/home/135380952,TBOR,23-2013,N,Y,43.15875,-111.014058
PAST SALE,April-17-2025,Single Family Residential,90 Ramblin Rd,Freedom,WY,83118,675000,4,2,Freedom,2648,87120,2003,,255,,Sold,,,https://www.redfin.com/WY/Freedom/90-Ramblin-RD-83120/home/189959013,TBOR,24-307,N,Y,42.98349,-110.992528
PAST SALE,February-18-2025,Single Family Residential,658 Cedar Dr,Star Valley Ranch,WY,83127,540000,2,1,Star Valley Ranch,1497,26136,2004,,361,377,Sold,,,https://www.redfin.com/WY/Star-Valley-Ranch/658-Cedar-Dr-83127/home/191095871,TBOR,24-1350,N,Y,42.992654,-110.95834
PAST SALE,July-25-2024,Single Family Residential,5 Meadow Ridge Rd,Alpine,WY,83128,949000,4,3.5,Meadow Ridge Estates,2892,24393,2007,,328,1350,Sold,,,https://www.redfin.com/WY/Alpine/5-Meadow-Ridge-Rd-83128/home/187932924,TBOR,23-2004,N,Y,43.1755149,-111.0191837
PAST SALE,July-24-2024,Single Family Residential,228 Hialeah Rd,Afton,WY,83110,499000,4,2,Hialeah Subdivision,2084,69696,2003,,239,,Sold,,,https://www.redfin.com/WY/Afton/228-Hialeah-Rd-83110/home/135416086,TBOR,23-2063,N,Y,42.667017,-110.937849
PAST SALE,March-25-2025,Single Family Residential,36 W 4th Ave,Afton,WY,83110,475000,5,2,Afton,2844,16552,1939,,167,,Sold,,,https://www.redfin.com/WY/Afton/36-E-4th-Ave-83110/home/135371650,TBOR,24-1791,N,Y,42.7249911,-110.9343788
PAST SALE,December-20-2024,Single Family Residential,137 E 6th Ave,Afton,WY,83110,309000,3,2,Afton,1410,13503,1928,,219,,Sold,,,https://www.redfin.com/WY/Afton/137-E-6th-Ave-83110/home/135426600,TBOR,24-558,N,Y,42.7219417,-110.9301032
PAST SALE,June-28-2024,Single Family Residential,105298 Us-89,Etna,WY,83118,725000,4,2,ZZZ--VOID--Do NOT Use,2052,477853,1918,,353,,Sold,,,https://www.redfin.com/WY/Etna/105298-U-S-89-83118/home/187933574,TBOR,22-983,N,Y,42.9958021,-111.011878
PAST SALE,December-30-2024,Single Family Residential,580 Alta Dr,Star Valley Ranch,WY,83127,1163000,5,3,Star Valley Ranch,3904,60984,2008,,298,62,Sold,,,https://www.redfin.com/WY/Star-Valley-Ranch/580-Alta-Dr-83127/home/195243822,TBOR,24-597,N,Y,42.972171,-110.958352
PAST SALE,May-20-2025,Single Family Residential,540 Little Greys Loop,Etna,WY,83118,637000,3,2,Etna Village Estates,1625,23086,2024,,392,80,Sold,,,https://www.redfin.com/WY/Etna/540-Little-Greys-Loop-83120/home/192256060,TBOR,24-2258,N,Y,43.0374434,-111.0189884
PAST SALE,March-10-2025,Single Family Residential,442 Spruce Dr,Star Valley Ranch,WY,83127,485000,2,1.5,Star Valley Ranch,1500,39204,1982,,323,581,Sold,,,https://www.redfin.com/WY/Star-Valley-Ranch/442-Spruce-Dr-83127/home/135368110,TBOR,24-1414,N,Y,43.0076933,-110.9764796
PAST SALE,June-6-2025,Single Family Residential,1400 Co Rd 126,Bedford,WY,83112,3750000,6,3.5,Bedford,5220,2295612,1999,,718,,Sold,,,https://www.redfin.com/WY/Bedford/1400-County-Road-126-83112/home/192257996,TBOR,24-2294,N,Y,42.8869878,-110.9659734
PAST SALE,September-30-2024,Single Family Residential,101 Fairway Ave,Thayne,WY,83127,850000,4,3.5,Stewart Country Club Estates,3394,30056,2007,,250,1295,Sold,,,https://www.redfin.com/WY/Thayne/101-Fairway-Ave-83127/home/135418974,TBOR,23-2155,N,Y,42.9675719,-110.9780291
PAST SALE,August-23-2024,Single Family Residential,12 Cottonwood Ln,Star Valley Ranch,WY,83127,545000,3,2.5,Star Valley Ranch,2064,40946,1996,,264,467,Sold,,,https://www.redfin.com/WY/Star-Valley-Ranch/12-Cottonwood-Ln-83127/home/135343640,TBOR,23-338,N,Y,42.9971523,-110.9805182
PAST SALE,April-4-2025,Single Family Residential,11 Last Chance Cir,Star Valley Ranch,WY,83127,685000,4,3,Star Valley Ranch,2700,28314,1993,,254,31,Sold,,,https://www.redfin.com/WY/Star-Valley-Ranch/11-Last-Chance-Cir-83127/home/192274736,TBOR,24-552,N,Y,42.9654929,-110.9503995
PAST SALE,March-28-2025,Single Family Residential,270 Little Greys Lp Loop,Etna,WY,83118,585000,4,2.5,Etna Village Estates,2062,26136,2024,,284,840,Sold,,,https://www.redfin.com/WY/Etna/270-Little-Greys-Loop-83120/home/190904485,TBOR,24-1108,N,Y,43.0343548,-111.0199148
PAST SALE,February-14-2025,Single Family Residential,300 Young Ln,Afton,WY,83110,799900,7,4,Rockbridge Meadows,5202,21344,2022,,154,100,Sold,,,https://www.redfin.com/WY/Afton/300-Young-Ln-83110/home/165557571,TBOR,24-133,N,Y,42.7375479,-110.921338
PAST SALE,April-18-2025,Single Family Residential,670 N Sprague Creek Rd,Fairview,WY,83119,1100000,3,2.5,Fairview,3913,109335,2008,,281,13,Sold,,,https://www.redfin.com/WY/Fairview/670-N-Sprague-Creek-Dr-83119/home/190979240,TBOR,24-1178,N,Y,42.6614,-110.977555
PAST SALE,December-6-2024,Single Family Residential,73 Cameo Ct,Afton,WY,83110,849000,4,3.5,Cameo Estates,3812,215186,2014,,223,,Sold,,,https://www.redfin.com/WY/Afton/73-Cameo-Ct-83110/home/135453928,TBOR,24-4,N,Y,42.7068398,-110.9808642
PAST SALE,September-25-2024,Single Family Residential,176 Cedar Dr,Star Valley Ranch,WY,83127,749000,4,3,Star Valley Ranch,2780,30492,2004,,269,581,Sold,,,https://www.redfin.com/WY/Star-Valley-Ranch/176-Cedar-Dr-83127/home/187933232,TBOR,23-1773,N,Y,42.9885501,-110.962143
PAST SALE,February-26-2025,Single Family Residential,1015 Saddle Dr,Etna,WY,83120,599000,4,2,Nordic Ranches,1672,81457,1995,,358,,Sold,,,https://www.redfin.com/WY/Etna/1015-Saddle-Dr-83118/home/135416917,TBOR,23-1371,N,Y,43.081862,-111.001046
PAST SALE,April-1-2025,Single Family Residential,210 S Washington St,Afton,WY,83110,400000,3,2,Afton,1425,16552,1917,,281,,Sold,,,https://www.redfin.com/WY/Afton/210-S-Washington-St-83110/home/135376385,TBOR,23-216,N,Y,42.729324,-110.933808
PAST SALE,May-30-2025,Single Family Residential,360 Noble Ln,Bedford,WY,83112,4500000,7,5,Turnerville,9439,871200,2002,,477,,Sold,,,https://www.redfin.com/WY/Bedford/360-Noble-Ln-83112/home/135438319,TBOR,22-1093,N,Y,42.8634781,-110.8895849
PAST SALE,,Single Family Residential,429 Vista Dr,Star Valley Ranch,WY,83127,150000,4,1,,2546,21781,1983,,59,,,,,https://www.redfin.com/WY/Star-Valley-Ranch/429-Vista-Dr-83127/home/135353479,,,N,Y,42.979134,-110.964917
PAST SALE,,Single Family Residential,13 Palisades Dr,Alpine,WY,83128,635000,2,1,,1248,37462,1980,,509,,,,,https://www.redfin.com/WY/Alpine/13-Palisades-Dr-83128/home/135370822,,,N,Y,43.192486,-111.03807
