SALE TYPE,SOLD DATE,Days_Since_Sold,Month_Sold,PROPERTY TYPE,ADDRESS,CITY,STATE OR PROVINCE,ZIP OR POSTAL CODE,PRICE,BEDS,BATHS,LOCATION,SQUARE FEET,LOT SIZE,YEAR BUILT,AGE,DAYS ON MARKET,$/SQUARE FEET,HOA/MONTH,STATUS,URL,SOURCE,MLS#,FAVORITE,LATITUDE,LONGITUDE,STORAGE_STRUCTURE,Garage_Spaces,Basement_Level,Recently_Renovated
PAST SALE,2023-09-28,636,9,Single Family Residential,575 Madison St,Afton,WY,83110,369000,3,2.0,Afton,1612,13503,1956,69,,229,,Sold,https://www.redfin.com/WY/Afton/575-Madison-St-83110/home/135359089,TBOR,23-595,N,42.7217012,-110.9248409,1,2,0,0
PAST SALE,2024-02-13,498,2,Single Family Residential,290 Cedar Dr,Star Valley Ranch,WY,83127,945000,5,3.0,Star Valley Ranch,3726,39639,2007,18,,254,371.0,Sold,https://www.redfin.com/WY/Star-Valley-Ranch/290-Cedar-Dr-83127/home/187933883,TBOR,24-193,N,42.9927025,-110.9611632,1,2,3,0
PAST SALE,2024-03-06,476,3,Single Family Residential,469 Mahogany Way,Star Valley Ranch,WY,83127,499000,3,2.0,Star Valley Ranch,2256,21780,2003,22,,221,467.0,Sold,https://www.redfin.com/WY/Star-Valley-Ranch/469-Mahogany-Way-83127/home/135383977,TBOR,22-3070,N,43.0032888,-110.980187,0,2,2,1
PAST SALE,2023-09-01,663,9,Single Family Residential,154 Custer Dr,Star Valley Ranch,WY,83127,645000,4,3.0,Star Valley Ranch,3876,22215,2008,17,,166,346.0,Sold,https://www.redfin.com/WY/Star-Valley-Ranch/154-Custer-Dr-83127/home/187936675,TBOR,23-1212,N,42.9548599,-110.956242,0,2,3,0
PAST SALE,2023-07-25,701,7,Single Family Residential,350 Cedar Creek Dr,Star Valley Ranch,WY,83127,749000,4,3.0,Star Valley Ranch,3444,43124,2006,19,,217,371.0,Sold,https://www.redfin.com/WY/Star-Valley-Ranch/350-Cedar-Creek-Dr-83127/home/135375596,TBOR,23-784,N,42.9739606,-110.9649095,0,3,3,0
PAST SALE,2023-09-22,642,9,Single Family Residential,256 Solitude Dr,Star Valley Ranch,WY,83127,389000,3,2.0,Star Valley Ranch,1439,23522,1985,40,,270,467.0,Sold,https://www.redfin.com/WY/Star-Valley-Ranch/256-Solitude-Dr-83127/home/135379682,TBOR,23-1136,N,42.9751201,-110.9609129,0,2,0,0
PAST SALE,2023-08-04,691,8,Single Family Residential,40 Porto Rd,Star Valley Ranch,WY,83127,695000,3,2.5,Star Valley Ranch,2137,22651,1996,29,,325,342.0,Sold,https://www.redfin.com/WY/Star-Valley-Ranch/40-Porto-Rd-83127/home/187936887,TBOR,23-31,N,42.9643705,-110.9475667,1,2,0,1
PAST SALE,2023-08-21,674,8,Single Family Residential,267 Young Ln,Afton,WY,83110,899000,6,3.5,Rockbridge Meadows,4156,20473,2017,8,,216,100.0,Sold,https://www.redfin.com/WY/Afton/267-Young-Ln-83110/home/147180800,TBOR,23-549,N,42.73752,-110.920243,1,3,3,0
PAST SALE,2023-09-05,659,9,Single Family Residential,232 Columbine St,Alpine,WY,83128,799000,3,2.0,Alpine Meadows,2040,16552,2022,3,,392,325.0,Sold,https://www.redfin.com/WY/Alpine/232-Columbine-St-83128/home/165572573,TBOR,23-343,N,43.174808,-111.025526,0,2,0,0
PAST SALE,2023-07-12,714,7,Single Family Residential,72 W 4th Ave,Afton,WY,83110,380000,4,3.0,Afton,2565,7405,1949,76,,148,,Sold,https://www.redfin.com/WY/Afton/72-W-4th-Ave-83110/home/135379370,TBOR,23-705,N,42.7251637,-110.9356449,1,1,3,1
PAST SALE,2023-09-05,659,9,Single Family Residential,2163 Hwy 241,Afton,WY,83110,649000,3,2.0,Afton,2716,152460,1984,41,,239,,Sold,https://www.redfin.com/WY/Afton/2163-State-Highway-241-83110/home/135416156,TBOR,22-2798,N,42.6624529,-110.9337869,1,2,1,0
PAST SALE,2023-07-06,720,7,Single Family Residential,240 River Bench Rd,Alpine,WY,83128,575000,2,2.5,Palispark,1530,13068,1993,32,,376,,Sold,https://www.redfin.com/WY/Alpine/240-River-Bench-Rd-83128/home/135376970,TBOR,23-1491,N,43.1637327,-111.011944,1,2,1,0
PAST SALE,2023-07-10,716,7,Single Family Residential,737 Pine Cir,Alpine,WY,83128,725000,3,2.0,Lakeview Estates,1792,14810,1990,35,,405,,Sold,https://www.redfin.com/WY/Alpine/737-Pinecrest-County-Rd-83128/home/135389753,TBOR,23-899,N,43.1584936,-111.0132195,1,1,0,1
PAST SALE,2023-08-09,686,8,Single Family Residential,64 Buckrail Ln,Alpine,WY,83128,695000,3,2.0,Lazy B,1392,47916,1999,26,,499,,Sold,https://www.redfin.com/WY/Alpine/64-Buck-Rail-Ln-83128/home/135358131,TBOR,23-826,N,43.1759387,-111.0282601,0,2,0,0
PAST SALE,2023-08-22,673,8,Single Family Residential,20 Upper Ridge Rd,Alpine,WY,83128,1799999,4,4.0,Shadow Dancer Estates,3400,67518,2014,11,,529,,Sold,https://www.redfin.com/WY/Alpine/20-Upper-Rdg-Rd-83128/home/135484767,SBORWY,23-458,N,43.117336,-111.014298,0,0,2,0
PAST SALE,2024-08-16,313,8,Single Family Residential,865 Saddle Dr,Etna,WY,83118,700000,4,2.0,Nordic Ranches,1916,70131,1995,30,,365,,Sold,https://www.redfin.com/WY/Etna/865-Saddle-Dr-83118/home/195244223,TBOR,24-1780,N,43.0818299,-110.998881,0,2,3,0
PAST SALE,2023-09-26,638,9,Single Family Residential,339 Snake Dr,Alpine,WY,83128,835000,3,2.0,Riverview Meadows,2035,16988,2006,19,,410,200.0,Sold,https://www.redfin.com/WY/Alpine/339-Snake-DR-83128/home/187936863,TBOR,23-1582,N,43.161608,-111.031033,0,2,0,1
PAST SALE,2023-12-15,558,12,Single Family Residential,43 Rusty Spgs,Thayne,WY,83127,420000,3,2.0,The Meadows,1337,13503,2024,1,,314,500.0,Sold,https://www.redfin.com/WY/Unknown/43-Rusty-Springs-Ln-83127/home/188943512,TBOR,23-2659,N,42.9183917,-110.9793512,0,0,0,0
PAST SALE,2023-09-08,656,9,Single Family Residential,618 Noble Ln,Bedford,WY,83112,1395000,3,3.5,Pine View Airpark,3035,456508,2018,7,,460,,Sold,https://www.redfin.com/WY/Bedford/618-Noble-Ln-83112/home/165558248,TBOR,23-433,N,42.8660625,-110.8971858,0,2,2,0
PAST SALE,2023-10-06,628,10,Single Family Residential,38 Holly Dr,Star Valley Ranch,WY,83127,438000,3,2.0,Star Valley Ranch,1516,13068,2002,23,,289,581.0,Sold,https://www.redfin.com/WY/Star-Valley-Ranch/38-Holly-Dr-83127/home/135383712,TBOR,23-2057,N,42.964058,-110.9840728,0,2,0,0
PAST SALE,2023-10-10,624,10,Single Family Residential,186 E 2nd Ave,Afton,WY,83110,375000,4,2.0,Afton,2579,8712,1964,61,,145,,Sold,https://www.redfin.com/WY/Afton/186-E-2nd-Ave-83110/home/135419693,TBOR,23-1592,N,42.7291397,-110.928637,1,2,3,1
PAST SALE,2023-08-31,664,8,Single Family Residential,530 Adams St,Afton,WY,83110,340000,3,2.0,Afton,1964,6969,1966,59,,173,,Sold,https://www.redfin.com/WY/Afton/530-Adams-St-83110/home/135423106,TBOR,23-1377,N,42.7226904,-110.9315469,0,2,1,1
PAST SALE,2023-08-24,671,8,Single Family Residential,1500 Reeves Schwab Ln,Smoot,WY,83126,395000,2,2.0,Smoot,1744,69696,1991,34,,226,,Sold,https://www.redfin.com/WY/Smoot/1500-Reeves-Schwab-Ln-83110/home/187935037,TBOR,23-1999,N,42.61539,-110.931953,1,2,0,0
PAST SALE,2023-09-13,651,9,Single Family Residential,1400 Reeves-schwab Rd,Smoot,WY,83126,699000,6,3.0,Smoot,4075,89733,2020,5,,172,,Sold,https://www.redfin.com/WY/Smoot/1400-Reeves-schwab-RD-83126/home/187938343,TBOR,23-754,N,42.618067,-110.933034,1,3,3,0
PAST SALE,2023-07-17,709,7,Single Family Residential,218 EAST E 9th Ave,Afton,WY,83110,379000,3,3.0,Afton,2718,25700,1979,46,,139,,Sold,https://www.redfin.com/WY/Afton/218-EAST-E-9th-Ave-83110/home/187938743,TBOR,23-682,Y,42.717414,-110.927891,0,2,2,1
PAST SALE,2023-08-07,688,8,Single Family Residential,664 Madison St,Afton,WY,83110,349000,3,1.0,Afton,1056,16552,1979,46,,330,,Sold,https://www.redfin.com/WY/Afton/664-Madison-St-83110/home/135394532,TBOR,23-737,N,42.720379,-110.9254463,1,0,2,1
PAST SALE,2023-06-30,726,6,Single Family Residential,176 Knoll,Smoot,WY,83126,975000,3,3.0,ZZZ--VOID--Do NOT Use,2867,402058,2008,17,,340,,Sold,https://www.redfin.com/WY/Smoot/176-N-Knoll-Rd-83126/home/135366341,TBOR,23-347,N,42.613517,-110.916918,1,6,0,1
PAST SALE,2023-06-28,728,6,Single Family Residential,111 E 6th Ave,Afton,WY,83110,349200,3,2.0,Afton,1380,5227,1947,78,,253,,Sold,https://www.redfin.com/WY/Afton/111-E-6th-Ave-83110/home/135399644,TBOR,23-679,N,42.7215457,-110.9312209,1,1,1,1
PAST SALE,2023-09-21,643,9,Single Family Residential,291 Monroe St,Afton,WY,83110,450000,2,2.0,Afton,2548,14374,1951,74,,177,,Sold,https://www.redfin.com/WY/Afton/291-Monroe-St-83110/home/135387725,TBOR,23-1771,N,42.7274728,-110.9217831,1,2,3,0
PAST SALE,2024-06-21,369,6,Single Family Residential,249 Bonneville Rd,Star Valley Ranch,WY,83127,835000,5,3.0,Star Valley Ranch,3189,23086,2019,6,,262,600.0,Sold,https://www.redfin.com/WY/Star-Valley-Ranch/249-Bonneville-Rd-83127/home/165564742,TBOR,24-1529,N,42.953915,-110.953961,0,2,3,0
PAST SALE,2023-07-17,709,7,Single Family Residential,26 Little Grey's Loop,Etna,WY,83118,590000,3,2.0,Etna Village Estates,1606,26136,2022,3,,367,720.0,Sold,https://www.redfin.com/WY/Etna/26-Little-Grey-s-LOOP-Unknown/home/187937331,TBOR,23-174,N,43.035008,-111.017565,0,2,2,0
PAST SALE,2023-06-20,736,6,Single Family Residential,445 Pinto Ln,Etna,WY,83118,699000,3,2.0,Buckskin Crossing,1580,226076,2008,17,,442,100.0,Sold,https://www.redfin.com/WY/Etna/445-Pinto-Ln-83118/home/135360880,TBOR,23-558,N,43.0643677,-111.0135243,0,2,0,0
PAST SALE,2023-08-17,678,8,Single Family Residential,23 Hidden Dr,Thayne,WY,83127,450000,3,2.0,Hidden Creek,1768,44866,2015,10,,255,600.0,Sold,https://www.redfin.com/WY/Thayne/23-Hidden-Dr-83127/home/135476000,TBOR,23-721,N,42.939594,-111.00323,0,2,0,0
PAST SALE,2023-07-25,701,7,Single Family Residential,12 Aster Loop,Alpine,WY,83128,749900,4,3.0,Alpine Meadows,2688,20908,2007,18,,279,325.0,Sold,https://www.redfin.com/WY/Alpine/12-Aster-Loop-83128/home/135385959,TBOR,23-389,N,43.1719586,-111.0243043,0,0,3,0
PAST SALE,2023-07-13,713,7,Single Family Residential,618 Snake Dr,Alpine,WY,83128,897000,4,3.0,Riverview Meadows,2612,16552,1996,29,,343,150.0,Sold,https://www.redfin.com/WY/Alpine/618-Snake-DR-83128/home/187935109,TBOR,22-1776,N,43.161826,-111.033398,0,2,0,0
PAST SALE,2023-07-17,709,7,Single Family Residential,96 White Pine Ave,Star Valley Ranch,WY,83127,389000,3,2.0,Star Valley Ranch,2190,26136,1984,41,,178,467.0,Sold,https://www.redfin.com/WY/Star-Valley-Ranch/96-White-Pine-Ave-83127/home/135397281,TBOR,23-1460,N,42.984249,-110.954993,0,3,3,0
PAST SALE,2023-09-13,651,9,Single Family Residential,55 Piute Dr,Star Valley Ranch,WY,83127,399000,3,2.0,Star Valley Ranch,1560,50094,1990,35,,256,581.0,Sold,https://www.redfin.com/WY/Star-Valley-Ranch/55-Piute-Dr-83127/home/135356223,TBOR,23-1287,N,42.9900485,-110.9740647,0,2,0,0
PAST SALE,2023-08-07,688,8,Single Family Residential,251 Gallup Dr,Etna,WY,83118,499000,3,2.0,Nordic Ranches,1370,54450,2006,19,,364,,Sold,https://www.redfin.com/WY/Etna/251-Gallup-Dr-83118/home/135428610,TBOR,23-725,N,43.0871786,-111.0080219,1,2,0,1
PAST SALE,2023-08-23,672,8,Single Family Residential,296 Aspen Trl,Alpine,WY,83128,1897000,4,4.0,Aspen Ridge Estates,3684,25700,2021,4,,515,1350.0,Sold,https://www.redfin.com/WY/Alpine/296-Aspen-Ln-83128/home/187934765,TBOR,23-1352,N,43.1082334,-111.0185882,0,4,0,0
PAST SALE,2023-08-24,671,8,Single Family Residential,165 Flywater Trl,Freedom,WY,83120,6500000,4,4.5,Double L Ranch,6763,370260,2013,12,,961,14000.0,Sold,https://www.redfin.com/WY/Freedom/165-Flywater-TRL-83120/home/187934277,TBOR,23-1417,N,43.077506,-111.034262,0,3,0,0
PAST SALE,2023-09-20,644,9,Single Family Residential,155 N Forest Dr,Star Valley Ranch,WY,83127,588000,3,2.5,Star Valley Ranch,1615,45302,2017,8,,364,590.0,Sold,https://www.redfin.com/WY/Star-Valley-Ranch/155-N-Forest-Dr-83127/home/147181454,TBOR,23-1789,N,42.9926892,-110.9689638,0,2,0,0
PAST SALE,2023-09-29,635,9,Single Family Residential,123 S Main St,Thayne,WY,83127,359000,2,1.0,Thayne,1171,40946,1971,54,,307,,Sold,https://www.redfin.com/WY/Thayne/123-S-Main-St-83127/home/135357976,TBOR,22-2268,N,42.916415,-111.002299,1,0,0,0
PAST SALE,2023-09-20,644,9,Single Family Residential,124 Nield Ave,Afton,WY,83110,325000,3,2.5,Afton,1288,14374,1941,84,,252,,Sold,https://www.redfin.com/WY/Afton/124-Nield-Ave-83110/home/135422648,TBOR,23-938,N,42.721418,-110.937282,1,3,0,0
PAST SALE,2023-07-19,707,7,Single Family Residential,88 Nield Ave,Afton,WY,83110,495000,5,3.0,Afton,3184,10018,1999,26,,155,,Sold,https://www.redfin.com/WY/Afton/88-Nield-Ave-83110/home/135347997,TBOR,23-563,N,42.721601,-110.935933,0,2,3,0
PAST SALE,2023-10-06,628,10,Single Family Residential,220 S Washington St,Afton,WY,83110,150000,3,1.0,Afton,1260,10890,1930,95,,119,,Sold,https://www.redfin.com/WY/Afton/220-S-Washington-St-83110/home/175749257,TBOR,23-1852,N,42.729055,-110.933821,1,0,0,1
PAST SALE,2023-09-28,636,9,Single Family Residential,101 Heap Dr,Thayne,WY,83127,335000,2,2.0,Thayne,1088,16117,2020,5,,308,,Sold,https://www.redfin.com/WY/Thayne/101-Heap-Dr-83127/home/175749368,TBOR,23-1656,N,42.917626,-111.00303,0,0,3,0
PAST SALE,2023-09-14,650,9,Single Family Residential,539 Kodiak Cir,Thayne,WY,83127,499000,3,2.5,Bear Hollow,2388,7405,2002,23,,209,,Sold,https://www.redfin.com/WY/Thayne/539-Kodiak-Cir-83127/home/135397130,TBOR,23-1838,N,42.916089,-110.981042,1,2,0,0
PAST SALE,2023-08-07,688,8,Single Family Residential,115 East Circle Dr,Thayne,WY,83127,660000,5,3.0,North Forty,3096,41382,2016,9,,213,400.0,Sold,https://www.redfin.com/WY/Thayne/115-E-Circle-Dr-83127/home/143244460,TBOR,22-2524,N,42.92226,-110.9674,0,2,3,0
PAST SALE,2023-08-09,686,8,Single Family Residential,413 Aster Loop,Alpine,WY,83128,750000,3,2.0,Alpine Meadows,1665,17859,2009,16,,450,325.0,Sold,https://www.redfin.com/WY/Alpine/413-Aster-Loop-83128/home/135435269,TBOR,23-1127,N,43.1689349,-111.0257957,0,2,0,0
PAST SALE,2023-09-19,645,9,Single Family Residential,797 Country Club Way,Thayne,WY,83127,550000,5,3.0,Stewart Country Club Estates,2620,13939,2007,18,,210,1295.0,Sold,https://www.redfin.com/WY/Thayne/797-Country-Club-Way-83127/home/135376838,TBOR,23-81,N,42.960897,-110.974171,1,2,3,0
PAST SALE,2023-11-15,588,11,Single Family Residential,75 Scrub Oak Dr,Star Valley Ranch,WY,83127,400000,3,2.0,Star Valley Ranch,1456,13068,2007,18,,275,581.0,Sold,https://www.redfin.com/WY/Star-Valley-Ranch/75-Scrub-Oak-Dr-83127/home/135417628,TBOR,23-2503,N,42.962204,-110.981269,0,2,0,0
PAST SALE,2023-09-29,635,9,Single Family Residential,362 Wooden Spur,Alpine,WY,83128,725000,3,2.0,Greys River Village,1840,16988,2008,17,,394,,Sold,https://www.redfin.com/WY/Alpine/362-Wooden-Spur-Dr-83128/home/135368875,TBOR,23-1389,N,43.1622555,-111.0099554,0,2,0,0
PAST SALE,2025-03-18,99,3,Single Family Residential,205 Holly Dr,Star Valley Ranch,WY,83127,580000,5,3.0,Star Valley Ranch,2936,13068,2022,3,,198,601.0,Sold,https://www.redfin.com/WY/Star-Valley-Ranch/205-Holly-Dr-83127/home/165559245,TBOR,25-423,N,42.962482,-110.981822,0,2,3,0
PAST SALE,2023-10-02,632,10,Single Family Residential,3417 County Road 110,Etna,WY,83118,979000,3,2.0,Etna,1200,653400,1979,46,,816,,Sold,https://www.redfin.com/WY/Etna/3417-County-Road-110-83118/home/187936575,TBOR,22-2986,N,43.082982,-110.99433,1,0,2,0
PAST SALE,2024-04-24,427,4,Single Family Residential,608 Merritt Dr,Afton,WY,83110,775000,2,2.0,ZZZ--VOID--Do NOT Use,1423,459993,2007,18,,545,,Sold,https://www.redfin.com/WY/Afton/608-Merritt-Dr-83110/home/187933247,TBOR,24-769,N,42.7084593,-111.0125235,0,0,1,0
PAST SALE,2023-08-16,679,8,Single Family Residential,4287 County Rd 125,Freedom,WY,83127,2224900,7,5.0,Freedom,6608,155944,1976,49,,337,,Sold,https://www.redfin.com/WY/Thayne/4287-County-Road-125-83127/home/135432471,TBOR,23-807,N,42.9627087,-111.0437932,1,1,3,0
PAST SALE,2023-09-08,656,9,Single Family Residential,678 Vista East Dr,Star Valley Ranch,WY,83127,450000,3,2.5,Star Valley Ranch,2160,21780,1982,43,,208,467.0,Sold,https://www.redfin.com/WY/Star-Valley-Ranch/678-Vista-East-Dr-83127/home/135393649,TBOR,23-982,N,42.987432,-110.957552,0,1,3,0
PAST SALE,2023-09-05,659,9,Single Family Residential,14 Redwood Rd,Star Valley Ranch,WY,83127,599000,3,2.5,Star Valley Ranch,2364,17424,2008,17,,253,467.0,Sold,https://www.redfin.com/WY/Star-Valley-Ranch/14-Redwood-Rd-83127/home/135379570,TBOR,22-2126,N,42.9861706,-110.9565081,0,2,3,0
PAST SALE,2023-10-05,629,10,Single Family Residential,215 Freedom Ln,Freedom,WY,83120,899000,3,2.0,River Ranches Fishing & Equestrian Estates,2444,204732,2008,17,,368,500.0,Sold,https://www.redfin.com/WY/Freedom/215-Freedom-Ln-83120/home/143245388,TBOR,22-3024,N,43.001154,-111.0142103,1,2,0,1
PAST SALE,2025-03-24,93,3,Single Family Residential,80 Canyon Pines Way,Star Valley Ranch,WY,83127,1195000,6,3.5,Star Valley Ranch,4281,23958,2008,17,,279,409.0,Sold,https://www.redfin.com/WY/Star-Valley-Ranch/80-Canyon-Pines-Way-83127/home/135344519,TBOR,25-474,N,42.973882,-110.9514329,0,3,3,0
PAST SALE,2023-08-15,680,8,Single Family Residential,300 Ridgecrest Dr,Star Valley Ranch,WY,83127,479000,2,2.0,Star Valley Ranch,1504,46173,1989,36,,318,384.0,Sold,https://www.redfin.com/WY/Star-Valley-Ranch/300-Ridgecrest-Dr-83127/home/135382620,TBOR,22-3153,N,42.9711727,-110.9508266,0,0,0,0
PAST SALE,2023-10-27,607,10,Single Family Residential,554 Cedar Creek Dr,Star Valley Ranch,WY,83127,1100000,6,4.0,Star Valley Ranch,5497,46173,2021,4,,200,371.0,Sold,https://www.redfin.com/WY/Star-Valley-Ranch/554-Cedar-Creek-Dr-83127/home/187933959,TBOR,23-1679,N,42.9718019,-110.962172,0,2,3,0
PAST SALE,2023-09-08,656,9,Single Family Residential,101 Caribou Forest Dr,Alpine,WY,83128,1100000,3,2.0,Alpine Retreat,1954,65340,2021,4,,563,1000.0,Sold,https://www.redfin.com/WY/Alpine/101-Caribou-Forest-Dr-83128/home/192290970,TBOR,23-2223,N,43.119349,-111.038096,0,2,0,0
PAST SALE,2023-07-19,707,7,Single Family Residential,105 Westview Dr,Afton,WY,83110,339000,4,2.0,Westview Village Subd.,1800,20908,1981,44,,188,,Sold,https://www.redfin.com/WY/Afton/105-Westview-Dr-83110/home/135407460,TBOR,23-709,N,42.6931532,-110.9293721,1,0,2,0
PAST SALE,2023-11-15,588,11,Single Family Residential,4520 Main St,Bedford,WY,83112,639000,4,2.5,Bedford,2561,64033,1999,26,,250,,Sold,https://www.redfin.com/WY/Bedford/4520-Main-St-83112/home/135370290,TBOR,23-562,N,42.898166,-110.938709,1,2,1,0
PAST SALE,2023-07-06,720,7,Single Family Residential,175 Fawn Ln,Thayne,WY,83127,1499000,5,3.0,Thayne,5856,487000,2019,6,,256,,Sold,https://www.redfin.com/WY/Thayne/175-Fawn-Ln-83127/home/168771249,TBOR,23-681,N,42.937066,-110.977017,0,3,3,0
PAST SALE,2023-07-25,701,7,Single Family Residential,567 Country Club Way,Thayne,WY,83127,589000,5,2.5,Stewart Country Club Estates,2676,13939,2006,19,,220,1502.0,Sold,https://www.redfin.com/WY/Thayne/567-Country-Club-Way-83127/home/135393637,TBOR,22-2668,N,42.9609617,-110.9785936,1,2,2,0
PAST SALE,2023-08-11,684,8,Single Family Residential,315 Strawberry Creek Private Rd,Bedford,WY,83112,495000,2,2.5,Bridger Forest,1280,159429,1980,45,,387,,Sold,https://www.redfin.com/WY/Bedford/315-Strawberry-Creek-Private-Rd-83112/home/135363103,TBOR,23-1252,N,42.900234,-110.918677,0,2,1,0
PAST SALE,2023-09-01,663,9,Single Family Residential,58 Dale Ct,Bedford,WY,83112,350000,1,1.0,Green Valley,915,75358,2005,20,,383,,Sold,https://www.redfin.com/WY/Bedford/58-Dale-Ct-83112/home/135357776,TBOR,23-1645,N,42.898855,-110.915678,0,0,0,0
PAST SALE,2023-07-24,702,7,Single Family Residential,200 Bonneville Dr,Star Valley Ranch,WY,83127,529000,3,2.0,Star Valley Ranch,1478,30056,2023,2,,358,375.0,Sold,https://www.redfin.com/WY/Star-Valley-Ranch/200-Bonneville-Rd-83127/home/165558495,TBOR,23-730,N,42.954574,-110.953031,0,2,0,0
PAST SALE,2023-07-31,695,7,Single Family Residential,143 Bingham Dr,Star Valley Ranch,WY,83127,554700,4,2.0,Star Valley Ranch,1796,26571,2007,18,,309,375.0,Sold,https://www.redfin.com/WY/Star-Valley-Ranch/143-Bingham-Dr-83127/home/135362890,TBOR,23-752,N,42.9548671,-110.953514,1,2,0,0
PAST SALE,2023-10-03,631,10,Single Family Residential,80 Little Greys Lp Loop,Etna,WY,83118,595000,4,3.0,Etna Village Estates,2156,23086,1947,78,,276,700.0,Sold,https://www.redfin.com/WY/Etna/80-Little-Greys-Loop-83118/home/165568920,TBOR,23-1882,N,43.034894,-111.01801,0,2,0,0
PAST SALE,2023-07-31,695,7,Single Family Residential,454 Flywater Trl,Freedom,WY,83120,3750000,2,2.0,Double L Ranch,1800,317988,2014,11,,2083,14000.0,Sold,https://www.redfin.com/WY/Freedom/454-Flywater-TRL-83120/home/187938322,TBOR,23-974,N,43.082807,-111.036961,0,0,0,0
PAST SALE,2023-10-11,623,10,Single Family Residential,320 W Reserve Dr,Alpine,WY,83128,14750000,7,3.5,Alpine Village,5757,266587,1982,43,,2562,6400.0,Sold,https://www.redfin.com/WY/Alpine/320-W-Reserve-Dr-83128/home/135360367,TBOR,23-879,N,43.1832852,-111.037981,1,4,0,0
PAST SALE,2023-10-30,604,10,Single Family Residential,268 Willow Dr,Alpine,WY,83128,1800000,4,3.0,Salt River Cove,2929,152895,2007,18,,615,1000.0,Sold,https://www.redfin.com/WY/Alpine/268-Willow-DR-83128/home/188123064,TBOR,23-2189,N,43.115575,-111.027763,0,2,0,1
PAST SALE,2024-05-16,405,5,Single Family Residential,322 Wright St,Thayne,WY,83127,499000,3,2.0,Thayne,1520,18730,2022,3,,328,,Sold,https://www.redfin.com/WY/Thayne/322-Wright-St-83127/home/180890700,TBOR,24-798,N,42.921047,-110.993714,0,2,0,0
PAST SALE,2024-11-04,233,11,Single Family Residential,204 North St,Grover,WY,83122,185000,3,1.0,Grover,1080,70567,1918,107,,171,,Sold,https://www.redfin.com/WY/Grover/204-North-St-83122/home/135355558,TBOR,24-2678,N,42.793558,-110.929206,0,0,2,0
PAST SALE,2024-05-13,408,5,Single Family Residential,133 Red Tail Path,Alpine,WY,83128,869000,3,2.5,Trail Ridge,3232,57063,2008,17,,269,850.0,Sold,https://www.redfin.com/WY/Alpine/133-Red-Tail-Path-83128/home/135374370,TBOR,24-549,N,43.120563,-111.023532,1,2,3,1
PAST SALE,2024-02-23,488,2,Single Family Residential,961 Clark Rd,Etna,WY,83118,725000,3,2.5,Etna,2080,87120,2002,23,,349,,Sold,https://www.redfin.com/WY/Etna/961-Clark-Ln-83118/home/135383941,TBOR,24-20,N,42.997498,-110.99489,1,0,2,1
PAST SALE,2024-07-02,358,7,Single Family Residential,266 Walnut Dr,Star Valley Ranch,WY,83127,1075000,5,5.0,Star Valley Ranch,3864,20037,2023,2,,278,418.0,Sold,https://www.redfin.com/WY/Star-Valley-Ranch/266-Walnut-Dr-83127/home/165559794,TBOR,24-1191,N,42.980606,-110.963054,0,2,0,0
PAST SALE,2024-10-29,239,10,Single Family Residential,202 Waterline Rd,Etna,WY,83118,785000,3,2.5,Caribou Flats,1408,152460,2018,7,,558,125.0,Sold,https://www.redfin.com/WY/Etna/202-Waterline-Rd-83118/home/168772432,TBOR,24-2391,N,43.070439,-111.013744,0,3,0,0
PAST SALE,2024-07-30,330,7,Single Family Residential,62 Abe Ln,Bedford,WY,83112,475000,4,2.0,Bedford,2098,21780,2007,18,,226,200.0,Sold,https://www.redfin.com/WY/Bedford/62-Abe-Ln-83112/home/135404553,TBOR,24-1330,N,42.900851,-110.942008,0,3,0,1
PAST SALE,2023-10-16,618,10,Single Family Residential,64 Saddle Cir,Etna,WY,83118,1400000,4,3.5,Nordic Ranches,4759,217800,2003,22,,294,,Sold,https://www.redfin.com/WY/Etna/64-Saddle-Cir-83118/home/135400587,TBOR,23-852,N,43.0712993,-110.9903985,0,2,1,0
PAST SALE,2023-12-15,558,12,Single Family Residential,81 Brambleberry Dr,Star Valley Ranch,WY,83127,525000,3,2.0,Star Valley Ranch,1625,17424,2023,2,,323,480.0,Sold,https://www.redfin.com/WY/Star-Valley-Ranch/81-Brambleberry-Dr-83127/home/165571745,TBOR,23-2479,N,42.966468,-110.982862,0,2,2,0
PAST SALE,2023-10-17,617,10,Single Family Residential,140 Willard Ave,Afton,WY,83110,479000,5,3.0,Afton,2724,10454,2001,24,,176,,Sold,https://www.redfin.com/WY/Afton/140-Willard-Ave-83110/home/135412364,TBOR,23-83,N,42.7264121,-110.9373021,0,2,3,1
PAST SALE,2024-07-22,338,7,Single Family Residential,116 First Ave,Alpine,WY,83128,400000,2,1.0,Blue Lake Estates,960,13068,1965,60,,417,,Sold,https://www.redfin.com/WY/Alpine/116-1-Ave-83128/home/135408441,TBOR,24-1432,N,43.176748,-111.038451,1,1,0,0
PAST SALE,2024-08-16,313,8,Single Family Residential,131 E Papworth Ln,Afton,WY,83110,835000,3,2.5,Valli Vu Golf Course,2166,14810,2024,1,,386,,Sold,https://www.redfin.com/WY/Afton/131-Papworth-Ln-83110/home/165557131,TBOR,24-1855,N,42.707068,-110.927969,0,3,2,0
PAST SALE,2023-10-17,617,10,Single Family Residential,81 Caribou Peak Lp,Etna,WY,83118,590000,3,2.5,Etna Village Estates,1804,32234,2023,2,,327,700.0,Sold,https://www.redfin.com/WY/Etna/81-Caribou-Peak-Loop-83118/home/187933668,TBOR,23-410,N,43.0356479,-111.0179557,0,2,0,0
PAST SALE,2024-06-03,387,6,Single Family Residential,362 Scrub Oak,Star Valley Ranch,WY,83127,550000,3,2.0,Star Valley Ranch,1537,17424,2022,3,,358,581.0,Sold,https://www.redfin.com/WY/Star-Valley-Ranch/362-Scrub-Oak-Dr-83127/home/165559224,TBOR,23-837,N,42.966655,-110.980535,0,2,0,0
PAST SALE,2024-11-20,217,11,Single Family Residential,84 Bearlake Dr,Star Valley Ranch,WY,83127,799000,3,2.5,Star Valley Ranch,2100,24829,2024,1,,380,40.0,Sold,https://www.redfin.com/WY/Star-Valley-Ranch/84-Bearlake-Dr-83127/home/165564417,TBOR,24-2615,N,42.955731,-110.951225,0,2,0,0
PAST SALE,2024-03-29,453,3,Single Family Residential,25 Alta Dr,Star Valley Ranch,WY,83127,565000,3,2.0,Star Valley Ranch,2880,34848,1984,41,,196,350.0,Sold,https://www.redfin.com/WY/Star-Valley-Ranch/25-Alta-Dr-83127/home/135390450,TBOR,24-144,N,42.978118,-110.963902,0,2,3,1
PAST SALE,2023-10-18,616,10,Single Family Residential,205 W Mill Cir,Alpine,WY,83128,699000,4,2.0,Palispark,2574,9583,1994,31,,272,,Sold,https://www.redfin.com/WY/Alpine/205-W-Mill-Cir-83128/home/143245281,TBOR,23-1876,N,43.1610688,-111.0109554,0,0,3,0
PAST SALE,2024-06-13,377,6,Single Family Residential,116 Clearview Dr,Etna,WY,83118,725000,4,2.5,Clearview Village,2400,27442,2024,1,,302,300.0,Sold,https://www.redfin.com/WY/Etna/116-Clearview-Dr-83118/home/165565518,TBOR,24-833,N,43.030386,-111.014363,0,2,2,0
PAST SALE,2024-05-14,407,5,Single Family Residential,1281 Strawberry Rd,Bedford,WY,83112,799000,3,2.0,Bridger Forest,2356,208652,2017,8,,339,300.0,Sold,https://www.redfin.com/WY/Bedford/1281-Strawberry-Creek-Private-Rd-83112/home/147181348,TBOR,24-556,N,42.907054,-110.90814,1,2,0,0
PAST SALE,2024-05-01,420,5,Single Family Residential,99 Cottonwood Dr,Smoot,WY,83126,395000,3,1.0,Cottonwood,1008,43995,1978,47,,392,,Sold,https://www.redfin.com/WY/Smoot/99-Cottonwood-DR-83126/home/187937071,TBOR,24-399,N,42.628912,-110.92186,0,0,0,1
PAST SALE,2023-10-19,615,10,Single Family Residential,1856 Lost Creek Rd,Thayne,WY,83127,775000,2,2.0,Mountain View Ranches,1918,190357,1988,37,,404,,Sold,https://www.redfin.com/WY/Thayne/1856-Lost-Crk-Rd-83127/home/135356708,TBOR,23-1765,N,42.938569,-110.935278,1,2,0,0
PAST SALE,2023-12-18,555,12,Single Family Residential,1 Barberry Way,Star Valley Ranch,WY,83127,525000,3,2.0,Star Valley Ranch,1625,13068,2023,2,,323,480.0,Sold,https://www.redfin.com/WY/Star-Valley-Ranch/1-Barberry-Way-83127/home/165574935,TBOR,23-2478,N,42.965128,-110.982719,0,2,2,0
PAST SALE,2023-10-20,614,10,Single Family Residential,634 County Road 142,Fairview,WY,83119,725000,3,2.0,Fairview,1822,217800,1996,29,,398,,Sold,https://www.redfin.com/WY/Fairview/634-County-Road-142-83119/home/187933241,TBOR,23-2077,N,42.693975,-110.995419,1,2,0,0
PAST SALE,2023-10-20,614,10,Single Family Residential,485 Aspen Way,Star Valley Ranch,WY,83127,205000,1,1.0,Star Valley Ranch,648,30492,1980,45,,316,467.0,Sold,https://www.redfin.com/WY/Star-Valley-Ranch/485-Aspen-Way-83127/home/187933792,TBOR,22-2691,N,43.001993,-110.973979,0,0,0,0
PAST SALE,2024-11-19,218,11,Single Family Residential,149 Larkspur Cir,Alpine,WY,83128,600000,3,2.0,Lazy B,1666,45738,1993,32,,360,25.0,Sold,https://www.redfin.com/WY/Alpine/149-Larkspur-Cir-83128/home/135385939,TBOR,24-2390,N,43.1755609,-111.0261689,0,2,2,1
PAST SALE,2024-07-16,344,7,Single Family Residential,167 Parkway Dr,Alpine,WY,83128,615000,3,2.0,Palispark,1374,8712,1999,26,,448,,Sold,https://www.redfin.com/WY/Alpine/167-Parkway-Dr-83128/home/135414760,TBOR,24-1312,N,43.1622119,-111.012708,1,2,0,0
PAST SALE,2024-06-14,376,6,Single Family Residential,76 Spruce St,Alpine,WY,83128,1295000,4,2.0,Rees Subdivision,2374,23522,2007,18,,545,,Sold,https://www.redfin.com/WY/Alpine/76-Spruce-St-83128/home/135358227,TBOR,24-936,N,43.1779523,-111.0153616,0,2,0,1
PAST SALE,2025-03-18,99,3,Single Family Residential,440 Buffalo Dr,Alpine,WY,83128,1200000,3,3.0,Trail Ridge,2548,73616,2005,20,,471,1000.0,Sold,https://www.redfin.com/WY/Alpine/440-Buffalo-Dr-83128/home/135410172,TBOR,25-92,N,43.1182917,-111.0216255,1,2,0,0
PAST SALE,2023-10-23,611,10,Single Family Residential,62 W 4th Ave,Afton,WY,83110,320000,4,1.0,Afton,2054,13503,1935,90,,156,,Sold,https://www.redfin.com/WY/Afton/62-W-4th-Ave-83110/home/135343550,TBOR,23-1805,N,42.7250739,-110.9359244,0,1,2,1
PAST SALE,2023-10-24,610,10,Single Family Residential,113 Lilac Dr,Star Valley Ranch,WY,83127,580000,5,3.0,Star Valley Ranch,2624,17424,2003,22,,221,536.0,Sold,https://www.redfin.com/WY/Star-Valley-Ranch/113-Lilac-Dr-83127/home/135430875,TBOR,23-959,N,42.962885,-110.9831462,0,2,3,0
PAST SALE,2023-10-25,609,10,Single Family Residential,17 Sugarloaf,Star Valley Ranch,WY,83127,898000,5,2.5,Star Valley Ranch,3121,29185,2016,9,,288,418.0,Sold,https://www.redfin.com/WY/Star-Valley-Ranch/17-Sugar-Loaf-Dr-83127/home/143244775,TBOR,23-2179,N,42.979496,-110.97009,0,2,3,0
PAST SALE,2024-06-21,369,6,Single Family Residential,283 Butte Dr,Star Valley Ranch,WY,83127,525000,3,2.0,Star Valley Ranch,1444,23958,2002,23,,364,387.0,Sold,https://www.redfin.com/WY/Star-Valley-Ranch/283-Butte-Dr-83127/home/187962009,TBOR,24-1315,N,42.956336,-110.951212,0,2,0,1
PAST SALE,2023-10-25,609,10,Single Family Residential,217 E 9th Ave,Afton,WY,83110,624000,5,3.0,Afton,3860,24393,1985,40,,162,,Sold,https://www.redfin.com/WY/Afton/217-E-9th-Ave-83110/home/135370012,TBOR,22-1329,N,42.7181463,-110.9283336,0,2,3,1
PAST SALE,2025-06-13,12,6,Single Family Residential,972 Lariat Dr,Etna,WY,83118,870000,5,3.0,Nordic Ranches,3948,87120,2005,20,,220,,Sold,https://www.redfin.com/WY/Etna/972-Lariat-Dr-83118/home/135428772,TBOR,25-612,N,43.0755186,-111.0084561,1,3,3,0
PAST SALE,2025-04-11,75,4,Single Family Residential,115 Molly Ln,Thayne,WY,83127,849000,4,2.5,Thayne,2528,223462,1994,31,,336,,Sold,https://www.redfin.com/WY/Thayne/115-Molly-Ln-83127/home/135436616,TBOR,25-221,N,42.942191,-110.93974,1,2,0,0
PAST SALE,2023-12-11,562,12,Single Family Residential,244 Salt River Ln,Thayne,WY,83127,2288000,3,2.5,Salt River Ranch,3253,483951,2009,16,,703,951.0,Sold,https://www.redfin.com/WY/Thayne/244-Salt-River-LN-83127/home/187962172,TBOR,23-2458,N,42.889342,-111.000959,1,3,0,0
PAST SALE,2023-10-27,607,10,Single Family Residential,660 Alta Dr,Star Valley Ranch,WY,83127,389000,2,2.0,Star Valley Ranch,1305,33976,1991,34,,298,497.0,Sold,https://www.redfin.com/WY/Star-Valley-Ranch/660-Alta-Dr-83127/home/135364155,TBOR,23-1762,N,42.9719487,-110.9564806,0,2,0,0
PAST SALE,2023-10-27,607,10,Single Family Residential,224 Redwood Cir,Star Valley Ranch,WY,83127,1150000,4,3.0,Star Valley Ranch,3060,30492,1996,29,,376,467.0,Sold,https://www.redfin.com/WY/Star-Valley-Ranch/224-Redwood-Cir-83127/home/135371934,TBOR,23-2103,N,42.9906239,-110.956859,0,2,3,1
PAST SALE,2024-05-09,412,5,Single Family Residential,235 Sugar Dr,Star Valley Ranch,WY,83127,739000,3,2.5,Star Valley Ranch,2464,20473,2006,19,,300,418.0,Sold,https://www.redfin.com/WY/Star-Valley-Ranch/235-Sugar-DR-83127/home/187933784,TBOR,24-359,N,42.98132,-110.972377,1,2,2,0
PAST SALE,2024-08-14,315,8,Single Family Residential,1698 County Road 106,Etna,WY,83118,3600000,4,2.5,Etna,3912,984456,2016,9,,920,,Sold,https://www.redfin.com/WY/Etna/1698-County-Road-106-83118/home/187963027,TBOR,24-1328,N,43.091768,-111.000476,1,3,0,0
PAST SALE,2023-10-30,604,10,Single Family Residential,670 Jackson St,Afton,WY,83110,360000,4,2.0,Afton,1721,13939,1973,52,,209,,Sold,https://www.redfin.com/WY/Afton/670-Jackson-St-83110/home/114080523,TBOR,23-2033,N,42.7203691,-110.9301032,1,2,0,0
PAST SALE,2024-09-30,268,9,Single Family Residential,72 Redwood Cir,Star Valley Ranch,WY,83127,759000,5,3.0,Star Valley Ranch,3022,26136,1988,37,,251,49.0,Sold,https://www.redfin.com/WY/Star-Valley-Ranch/72-Redwood-Dr-83127/home/187960741,TBOR,24-2360,N,42.9870111,-110.9559641,1,2,3,0
PAST SALE,2025-04-28,58,4,Single Family Residential,1701 Co Rd 122,Thayne,WY,83127,669000,5,3.0,All Star,3152,87120,1988,37,,212,,Sold,https://www.redfin.com/WY/Thayne/1701-County-Road-122-83127/home/135352023,TBOR,25-318,N,42.9171232,-110.9703784,1,2,2,0
PAST SALE,2023-10-31,603,10,Single Family Residential,330 Gallup Dr,Etna,WY,83118,695000,1,1.5,Nordic Ranches,952,93654,2021,4,,730,,Sold,https://www.redfin.com/WY/Etna/330-Gallup-Dr-83118/home/165569265,TBOR,23-2027,N,43.089144,-111.007229,0,2,0,0
PAST SALE,2025-05-27,29,5,Single Family Residential,199 Dogwood Dr,Star Valley Ranch,WY,83127,1095000,3,2.5,Star Valley Ranch,3072,24393,2016,9,,356,36.0,Sold,https://www.redfin.com/WY/Star-Valley-Ranch/199-Dogwood-Dr-83127/home/195581021,TBOR,25-805,N,43.0010522,-110.977146,1,3,2,0
PAST SALE,2025-05-23,33,5,Single Family Residential,434 Alta Dr,Star Valley Ranch,WY,83127,362000,2,2.0,Star Valley Ranch,1064,26571,1990,35,,340,33.0,Sold,https://www.redfin.com/WY/Star-Valley-Ranch/434-Alta-Dr-83127/home/135421694,TBOR,25-811,N,42.9732965,-110.9606006,0,2,0,0
PAST SALE,2023-11-01,602,11,Single Family Residential,611 Adams Co Rd 179 S,Thayne,WY,83127,995000,4,3.0,Lost Creek Ranchettes,5082,163785,1999,26,,196,300.0,Sold,https://www.redfin.com/WY/Unknown/611-County-Road-179S-83127/home/187930597,TBOR,23-1703,N,42.947145,-110.937219,0,2,3,0
PAST SALE,2023-11-02,601,11,Single Family Residential,307 Henrys Mountain Rd,Etna,WY,83118,1195000,5,3.5,Henrys Mountain,4682,398574,2021,4,,255,,Sold,https://www.redfin.com/WY/Etna/307-Henry-s-Mountain-Rd-83118/home/192290920,TBOR,23-461,N,43.017759,-110.983741,0,2,3,0
PAST SALE,2023-11-03,600,11,Single Family Residential,314 Alta Dr,Star Valley Ranch,WY,83127,587500,4,3.0,Star Valley Ranch,2548,27007,2021,4,,231,371.0,Sold,https://www.redfin.com/WY/Star-Valley-Ranch/314-Alta-Dr-83127/home/165565402,TBOR,23-1217,N,42.974179,-110.9621988,0,2,1,0
PAST SALE,2023-12-01,572,12,Single Family Residential,1296 Wy-239,Freedom,WY,83120,560000,3,2.0,Freedom,2055,171626,1956,69,,273,,Sold,https://www.redfin.com/WY/Freedom/1296-Wyoming-239-83120/home/192291074,TBOR,23-2457,N,42.9827928,-111.0380201,1,2,1,0
PAST SALE,2024-09-13,285,9,Single Family Residential,487 Pheasant Tail,Thayne,WY,83127,1350000,4,2.0,River Bend Meadows,2483,106722,2016,9,,544,1200.0,Sold,https://www.redfin.com/WY/Thayne/487-Pheasant-Tail-83127/home/143244590,TBOR,24-2180,N,42.9467739,-111.0158315,1,2,0,0
PAST SALE,2024-09-30,268,9,Single Family Residential,110 Fifth St,Grover,WY,83122,727000,2,2.0,Grover,3180,109771,1982,43,,229,,Sold,https://www.redfin.com/WY/Grover/110-Fifth-St-83122/home/192291720,TBOR,24-2293,N,42.7922515,-110.9280379,1,3,2,1
PAST SALE,2024-10-16,252,10,Single Family Residential,13 Palisades Dr,Alpine,WY,83128,679000,1,1.0,Alpine Village,1248,37461,1980,45,,544,,Sold,https://www.redfin.com/WY/Alpine/13-Palisades-Dr-83128/home/165560582,TBOR,24-2095,N,43.1913772,-111.0429724,0,1,0,0
PAST SALE,2023-11-06,597,11,Single Family Residential,592 Airport Dr #4,Alpine,WY,83128,2490000,2,3.5,Alpine Village,2609,40510,2011,14,,954,7300.0,Sold,https://www.redfin.com/WY/Alpine/592-Airport-Dr-83128/unit-4/home/187933604,TBOR,23-1102,N,43.1816728,-111.0404547,0,2,0,0
PAST SALE,2023-11-06,597,11,Single Family Residential,464 Cedar Creek Dr,Star Valley Ranch,WY,83127,729000,3,2.5,Star Valley Ranch,1420,47044,2000,25,,513,371.0,Sold,https://www.redfin.com/WY/Star-Valley-Ranch/464-Cedar-Creek-Dr-83127/home/135364137,TBOR,23-1854,N,42.9727214,-110.9633337,1,2,0,1
PAST SALE,2025-03-20,97,3,Single Family Residential,20 Alpine Cir,Star Valley Ranch,WY,83127,539000,5,3.0,Star Valley Ranch,2596,22215,1992,33,,208,385.0,Sold,https://www.redfin.com/WY/Star-Valley-Ranch/20-Alpine-Cir-83127/home/135372060,TBOR,25-277,N,42.9800459,-110.9600008,0,2,3,0
PAST SALE,2023-12-05,568,12,Single Family Residential,189 1st Ave,Alpine,WY,83128,849000,3,2.0,Blue Lake Estates,2400,21780,1962,63,,354,,Sold,https://www.redfin.com/WY/Alpine/189-1-Ave-83128/home/135430492,TBOR,23-62,N,43.176591,-111.039734,1,1,0,0
PAST SALE,2024-06-07,383,6,Single Family Residential,60 Bingham Dr,Star Valley Ranch,WY,83127,490000,3,2.0,Star Valley Ranch,1428,23522,2018,7,,343,375.0,Sold,https://www.redfin.com/WY/Star-Valley-Ranch/60-Bingham-Dr-83127/home/187936957,TBOR,24-907,N,42.9560419,-110.952897,0,2,0,0
PAST SALE,2023-12-06,567,12,Single Family Residential,268 Buffalo Dr,Alpine,WY,83128,950000,5,3.5,Trail Ridge,4497,81021,2007,18,,211,850.0,Sold,https://www.redfin.com/WY/Alpine/268-Buffalo-Dr-83128/home/135398673,TBOR,23-1640,N,43.1157435,-111.0207888,0,3,3,1
PAST SALE,2024-08-01,328,8,Single Family Residential,361 Redwood Rd,Star Valley Ranch,WY,83127,879700,3,3.0,Star Valley Ranch,2040,21780,2020,5,,431,581.0,Sold,https://www.redfin.com/WY/Star-Valley-Ranch/361-Redwood-Rd-83127/home/191043779,TBOR,24-1240,N,42.990179,-110.959635,0,2,0,0
PAST SALE,2024-09-06,292,9,Single Family Residential,135 Caribou Dr,Alpine,WY,83128,1569000,2,3.0,Alpine Retreat,2320,60984,2022,3,,676,550.0,Sold,https://www.redfin.com/WY/Alpine/135-Caribou-DR-83128/home/191594396,TBOR,24-1846,N,43.120178,-111.037872,0,2,1,0
PAST SALE,2024-05-31,390,5,Single Family Residential,1206 Duffin Cir,Thayne,WY,83127,799000,3,2.0,Riverview Ranchettes,1856,196891,1999,26,,430,,Sold,https://www.redfin.com/WY/Thayne/1206-Duffin-Cir-83127/home/135389031,TBOR,24-832,N,42.8989546,-110.9912126,0,2,0,0
PAST SALE,2024-06-21,369,6,Single Family Residential,196 Redwood Rd,Star Valley Ranch,WY,83127,495000,3,3.0,Star Valley Ranch,1768,17424,1977,48,,280,593.0,Sold,https://www.redfin.com/WY/Star-Valley-Ranch/196-Redwood-Rd-83127/home/135437896,TBOR,24-1038,N,42.988757,-110.955997,0,2,3,0
PAST SALE,2024-08-21,308,8,Single Family Residential,71 Osprey Ln,Alpine,WY,83128,2795000,3,3.5,Trail Ridge,4148,83635,2021,4,,674,1200.0,Sold,https://www.redfin.com/WY/Alpine/71-Osprey-Ln-83128/home/165560375,TBOR,24-1377,N,43.113317,-111.017857,0,2,3,0
PAST SALE,2023-12-13,560,12,Single Family Residential,312 Spruce St,Alpine,WY,83128,1650000,3,3.0,Rees Subdivision,3869,23086,2005,20,,426,,Sold,https://www.redfin.com/WY/Alpine/312-Spruce-St-83128/home/135377259,TBOR,23-1015,N,43.1779604,-111.0101039,1,3,0,0
PAST SALE,2024-01-12,530,1,Single Family Residential,714 Sunset Dr,Alpine,WY,83128,459000,3,2.0,Lakeview Estates,2700,16552,1991,34,,170,,Sold,https://www.redfin.com/WY/Alpine/714-Sunset-Dr-83128/home/135354718,TBOR,23-2218,N,43.1573656,-111.011953,0,0,2,0
PAST SALE,2024-05-10,411,5,Single Family Residential,203 Caribou Peak Lp Loop,Etna,WY,83118,629500,4,2.5,Etna Village Estates,1832,27007,2024,1,,344,60.0,Sold,https://www.redfin.com/WY/Etna/203-Caribou-Peak-Loop-Unknown/home/190411941,TBOR,24-563,N,43.0359521,-111.0178461,0,2,2,0
PAST SALE,2024-05-23,398,5,Single Family Residential,1164 Strawberry Creek Rd,Bedford,WY,83112,819000,2,2.0,Bridger Forest,2490,112820,2007,18,,329,,Sold,https://www.redfin.com/WY/Bedford/1164-Strawberry-Creek-RD-83112/home/190558320,TBOR,24-689,N,42.905708,-110.907151,1,1,2,0
PAST SALE,2023-11-15,588,11,Single Family Residential,48 Spur Wood Dr,Star Valley Ranch,WY,83127,379000,2,1.0,Star Valley Ranch,1788,17424,1982,43,,212,468.0,Sold,https://www.redfin.com/WY/Star-Valley-Ranch/48-Spurwood-Dr-83127/home/135391478,TBOR,23-1621,N,42.989202,-110.961152,0,0,1,1
PAST SALE,2024-09-06,292,9,Single Family Residential,5248 County Road 125,Freedom,WY,83120,449000,3,1.0,Freedom,1613,52272,1954,71,,278,,Sold,https://www.redfin.com/WY/Freedom/5248-County-Road-125-83120/home/135411216,TBOR,24-2035,Y,42.9750093,-111.0437927,1,1,1,1
PAST SALE,2024-06-07,383,6,Single Family Residential,95 Scrub Oak Dr,Star Valley Ranch,WY,83127,579900,3,2.0,Star Valley Ranch,1518,13068,2020,5,,382,582.0,Sold,https://www.redfin.com/WY/Star-Valley-Ranch/95-Scrub-Oak-Dr-83127/home/165559247,TBOR,24-863,N,42.962476,-110.981266,1,2,1,0
PAST SALE,2024-02-22,489,2,Single Family Residential,186 Southbrook Dr,Thayne,WY,83127,979999,6,3.0,Southbrook Ranches,3916,177724,2016,9,,250,234.0,Sold,https://www.redfin.com/WY/Thayne/186-Southbrook-Dr-83127/home/143244593,TBOR,23-419,N,42.942905,-111.012032,0,3,3,0
PAST SALE,2024-10-04,264,10,Single Family Residential,89 Columbine St,Alpine,WY,83128,839000,3,2.0,Alpine Meadows,1708,16552,2016,9,,491,27.0,Sold,https://www.redfin.com/WY/Alpine/89-Columbine-St-83128/home/143245261,TBOR,24-2254,N,43.173926,-111.024112,0,2,0,0
PAST SALE,2023-11-17,586,11,Single Family Residential,255 Westview Dr,Afton,WY,83110,519900,4,3.0,ZZZ--VOID--Do NOT Use,2218,65340,1984,41,,234,,Sold,https://www.redfin.com/WY/Afton/255-Westview-Dr-83110/home/135385072,TBOR,23-932,N,42.693635,-110.9266106,0,2,1,0
PAST SALE,2024-07-25,335,7,Single Family Residential,894 Cedar Creek Dr,Star Valley Ranch,WY,83127,1195000,6,3.0,Star Valley Ranch,4946,40075,2019,6,,242,383.0,Sold,https://www.redfin.com/WY/Star-Valley-Ranch/894-Cedar-Creek-Dr-83127/home/190648400,TBOR,24-837,N,42.969948,-110.955674,0,2,3,0
PAST SALE,2024-10-25,243,10,Single Family Residential,60 Black Rd,Etna,WY,83118,1200000,3,3.0,Black Creek Ranches,3175,208216,2022,3,,378,42.0,Sold,https://www.redfin.com/WY/Etna/60-Black-RD-Unknown/home/192189623,TBOR,24-2225,N,43.04879,-111.025404,1,3,0,0
PAST SALE,2024-06-11,379,6,Single Family Residential,75 Choke Cherry Dr,Star Valley Ranch,WY,83127,480000,4,3.0,Star Valley Ranch,2160,26136,1995,30,,222,380.0,Sold,https://www.redfin.com/WY/Star-Valley-Ranch/75-Chokecherry-Dr-83127/home/135356108,TBOR,24-734,N,42.9978934,-110.979638,1,0,2,1
PAST SALE,2024-08-30,299,8,Single Family Residential,43 E Elkhorn Dr,Thayne,WY,83127,885000,3,2.5,Thayne,2144,40510,1993,32,,413,,Sold,https://www.redfin.com/WY/Thayne/43-Elkhorn-Dr-83127/home/187961754,TBOR,24-1269,N,42.9962473,-110.9714624,1,1,3,1
PAST SALE,2023-11-30,573,11,Single Family Residential,267 Dana St,Thayne,WY,83127,375000,3,2.0,Thayne,1292,15681,2016,9,,290,,Sold,https://www.redfin.com/WY/Thayne/267-Dana-St-83127/home/188126074,TBOR,23-2381,N,42.9170864,-110.9980793,0,0,0,0
PAST SALE,2023-11-29,574,11,Single Family Residential,1173 Saddle Dr,Etna,WY,83118,799000,3,2.0,Nordic Ranches,4916,87120,2005,20,,163,,Sold,https://www.redfin.com/WY/Etna/1173-Saddle-Dr-83118/home/135370635,TBOR,23-2366,N,43.081834,-111.004635,1,2,1,0
PAST SALE,2024-06-28,362,6,Single Family Residential,827 Lost Creek Rd,Thayne,WY,83127,850000,5,3.5,Thayne,3831,87120,2009,16,,222,,Sold,https://www.redfin.com/WY/Thayne/827-Lost-Creek-Rd-83127/home/135346965,TBOR,24-1001,N,42.93957,-110.956551,0,2,3,0
PAST SALE,2024-12-09,198,12,Single Family Residential,54 C St,Bedford,WY,83112,349000,3,1.0,ZZZ--VOID--Do NOT Use,1512,32670,1960,65,,231,,Sold,https://www.redfin.com/WY/Bedford/54-C-St-83112/home/165559184,TBOR,24-2706,N,42.897098,-110.939461,0,0,2,0
PAST SALE,2024-06-12,378,6,Single Family Residential,182 Trail Dr,Alpine,WY,83128,535000,3,1.0,Lakeview Estates,992,10454,1974,51,,539,,Sold,https://www.redfin.com/WY/Alpine/182-Trail-Dr-Rd-83128/home/135362024,TBOR,24-828,N,43.160372,-111.0206342,0,2,0,0
PAST SALE,2024-05-16,405,5,Single Family Residential,287 Dana St,Thayne,WY,83127,395000,3,2.0,Thayne,1761,12632,1984,41,,224,,Sold,https://www.redfin.com/WY/Thayne/287-W-Dana-St-83127/home/135417801,TBOR,24-538,N,42.9170551,-110.9977853,1,0,1,0
PAST SALE,2024-08-29,300,8,Single Family Residential,172 W Willard Ave,Afton,WY,83110,529000,3,2.0,ZZZ--VOID--Do NOT Use,1836,24393,1994,31,,288,,Sold,https://www.redfin.com/WY/Afton/172-Willard-Ave-83110/home/135430228,TBOR,24-1857,N,42.726337,-110.938033,0,2,0,1
PAST SALE,2024-05-21,400,5,Single Family Residential,227 Aster Loop,Alpine,WY,83128,999000,5,3.5,Alpine Meadows,3428,17424,2018,7,,291,325.0,Sold,https://www.redfin.com/WY/Alpine/227-Aster-Loop-83128/home/165566505,TBOR,24-544,N,43.169337,-111.021881,0,2,2,0
PAST SALE,2024-10-15,253,10,Single Family Residential,635 Buffalo Dr,Alpine,WY,83128,815000,3,2.5,Trail Ridge,2160,67082,2005,20,,377,71.0,Sold,https://www.redfin.com/WY/Alpine/635-Buffalo-Dr-83128/home/135363338,TBOR,24-2285,N,43.1207234,-111.0217867,0,2,0,0
PAST SALE,2023-11-27,576,11,Single Family Residential,1186 Bedford North Cr 121,Bedford,WY,83112,1875000,4,4.0,Bedford,4107,871200,2006,19,,457,,Sold,https://www.redfin.com/WY/Bedford/1186-Bedford-North-Cr-121-83112/home/187934022,TBOR,23-1657,N,42.923712,-110.933357,0,2,0,0
PAST SALE,2024-02-14,497,2,Single Family Residential,130 Penny Ln,Thayne,WY,83127,855000,1,1.0,Haystack Mountain Ranch,900,922600,2009,16,,950,,Sold,https://www.redfin.com/WY/Thayne/130-Penny-Ln-83127/home/135409914,TBOR,23-1942,N,42.9360024,-110.9653537,1,2,0,0
PAST SALE,2024-08-29,300,8,Single Family Residential,17 Misty Ln,Etna,WY,83120,795000,4,2.0,Misty Meadows,3289,213879,1993,32,,242,,Sold,https://www.redfin.com/WY/Etna/17-Misty-Meadows-Ln-83118/home/192323009,TBOR,24-1033,N,43.0885577,-111.0126862,0,2,3,0
PAST SALE,2024-09-23,275,9,Single Family Residential,328 Bridger Homes Dr,Alpine,WY,83128,625000,3,2.0,Alpine,1468,24393,1982,43,,426,,Sold,https://www.redfin.com/WY/Alpine/328-Bridger-83128/home/135348410,TBOR,24-2058,N,43.15712,-111.007064,0,2,0,0
PAST SALE,2024-08-02,327,8,Single Family Residential,28 Corral Ln,Etna,WY,83118,997500,5,3.0,Corral Canyon Meadows,5056,217800,2003,22,,197,,Sold,https://www.redfin.com/WY/Etna/28-Corral-LN-Unknown/home/187940060,TBOR,24-922,N,43.06799,-110.99287,0,2,3,0
PAST SALE,2025-05-30,26,5,Single Family Residential,108053 Us-89,Etna,WY,83118,599000,3,2.0,Etna,1015,60984,1934,91,,590,,Sold,https://www.redfin.com/WY/Etna/108053-N-US-Highway-89-83118/home/135434908,TBOR,25-617,N,43.0351852,-111.0129937,0,2,0,1
PAST SALE,2024-10-04,264,10,Single Family Residential,775 Hardman Rd,Star Valley Ranch,WY,83127,891000,3,2.0,Star Valley Ranch,2121,23086,2024,1,,420,31.0,Sold,https://www.redfin.com/WY/Star-Valley-Ranch/775-Hardman-Rd-83127/home/192074585,TBOR,24-2153,N,42.9598289,-110.9483758,0,2,0,0
PAST SALE,2024-06-25,365,6,Single Family Residential,174 Stoor Dr,Alpine,WY,83128,799999,3,3.0,Alpine,1672,12196,2018,7,,478,,Sold,https://www.redfin.com/WY/Etna/174-Stoor-Dr-83118/home/135435283,TBOR,24-878,N,43.15988,-111.021356,0,2,3,1
PAST SALE,2024-04-17,434,4,Single Family Residential,475 Alta Dr,Star Valley Ranch,WY,83127,499000,3,2.0,Star Valley Ranch,2584,22651,1985,40,,193,350.0,Sold,https://www.redfin.com/WY/Star-Valley-Ranch/475-Alta-Dr-83127/home/192274674,TBOR,24-270,Y,42.9733854,-110.9596282,0,1,3,0
PAST SALE,2024-06-24,366,6,Single Family Residential,94321 Us-89,Afton,WY,83110,1500000,5,2.0,Afton,3038,350222,1978,47,,494,,Sold,https://www.redfin.com/WY/Afton/94321-US-Highway-89-83110/home/135373755,TBOR,24-865,N,42.845244,-110.979657,0,2,3,0
PAST SALE,2023-12-21,552,12,Single Family Residential,60 Dancer Cir,Alpine,WY,83128,1450000,4,3.5,Shadow Dancer,4990,132422,2007,18,,291,3000.0,Sold,https://www.redfin.com/WY/Alpine/60-Dancer-Way-83128/home/135398654,TBOR,23-2392,N,43.115383,-111.015977,0,2,3,0
PAST SALE,2024-04-15,436,4,Single Family Residential,489 Jackson St,Afton,WY,83110,429000,3,1.0,Afton,1448,4791,1936,89,,296,,Sold,https://www.redfin.com/WY/Afton/489-Jackson-St-83110/home/135394379,TBOR,24-240,N,42.7234234,-110.9291524,1,1,3,1
PAST SALE,2024-01-26,516,1,Single Family Residential,726 Highway 239,Freedom,WY,83120,325000,2,1.0,Freedom,1656,43560,1935,90,,196,,Sold,https://www.redfin.com/WY/Freedom/726-State-Highway-239-83120/home/135384055,TBOR,23-1220,N,42.9826913,-111.0266702,1,2,0,1
PAST SALE,2024-08-15,314,8,Single Family Residential,51 Pine Dr,Star Valley Ranch,WY,83127,575000,3,3.0,Star Valley Ranch,2272,21780,2004,21,,253,33.0,Sold,https://www.redfin.com/WY/Star-Valley-Ranch/51-Pine-Dr-83127/home/135394815,TBOR,24-1544,N,43.001071,-110.980241,0,2,3,1
PAST SALE,2024-09-09,289,9,Single Family Residential,55 S 2nd St,Auburn,WY,83111,445000,4,2.0,Auburn,1746,43560,1984,41,,255,,Sold,https://www.redfin.com/WY/Auburn/55-S-2nd-St-83111/home/135378117,TBOR,24-1391,Y,42.7872119,-111.005119,0,2,1,1
PAST SALE,2025-01-03,173,1,Single Family Residential,140 Aztec Dr,Star Valley Ranch,WY,83127,769500,4,2.5,Star Valley Ranch,2924,29620,2005,20,,263,49.0,Sold,https://www.redfin.com/WY/Star-Valley-Ranch/140-Aztec-Dr-83127/home/135399058,TBOR,24-2514,N,42.9918201,-110.9758232,0,2,3,0
PAST SALE,2024-09-06,292,9,Single Family Residential,38 Porto Pl,Star Valley Ranch,WY,83127,489900,4,3.0,Star Valley Ranch,2994,30492,1993,32,,164,383.0,Sold,https://www.redfin.com/WY/Star-Valley-Ranch/38-Porto-Pl-83127/home/187940006,TBOR,24-1322,Y,42.9575076,-110.9444745,1,2,3,1
PAST SALE,2024-05-15,406,5,Single Family Residential,LOT 73 Rockbridge,Afton,WY,83110,739000,3,2.5,Rockbridge Meadows,1688,23086,2023,2,,438,73.0,Sold,https://www.redfin.com/WY/Afton/73-Rockbridge-Dr-83110/home/187934942,TBOR,24-423,N,42.7342243,-110.9211479,0,4,1,0
PAST SALE,2023-12-07,566,12,Single Family Residential,301 Teala Dr,Etna,WY,83118,1375000,7,4.0,Henrys Mountain,6846,435600,2017,8,,201,600.0,Sold,https://www.redfin.com/WY/Etna/301-Teala-Dr-83118/home/192290973,TBOR,23-1065,N,43.0153332,-110.9878583,0,4,3,0
PAST SALE,2025-03-13,104,3,Single Family Residential,330 Wright St,Thayne,WY,83127,549900,3,2.0,Thayne,1390,18730,2021,4,,396,,Sold,https://www.redfin.com/WY/Thayne/330-Wright-St-83127/home/180890702,TBOR,24-2749,N,42.921029,-110.992896,0,0,0,0
PAST SALE,2024-08-30,299,8,Single Family Residential,200 Cove Rd,Thayne,WY,83127,4995000,6,3.5,Willow Creek Ranch,6627,1524600,2008,17,,754,1000.0,Sold,https://www.redfin.com/WY/Thayne/200-Cove-RD-83127/home/187935441,TBOR,24-1707,N,42.849189,-110.957456,1,4,3,0
PAST SALE,2024-04-29,422,4,Single Family Residential,65 W 3rd Ave,Afton,WY,83110,399000,3,2.0,Afton,1444,36590,1935,90,,276,,Sold,https://www.redfin.com/WY/Afton/65-W-3rd-Ave-83110/home/135432227,TBOR,23-1632,Y,42.7277529,-110.9352449,0,1,2,1
PAST SALE,2024-10-04,264,10,Single Family Residential,1015 Vista Dr,Star Valley Ranch,WY,83127,1350000,5,4.0,Star Valley Ranch,3546,25264,2022,3,,381,40.0,Sold,https://www.redfin.com/WY/Star-Valley-Ranch/1015-Vista-Dr-83127/home/165565306,TBOR,24-2072,N,42.979114,-110.953302,0,2,0,0
PAST SALE,2024-06-14,376,6,Single Family Residential,3997 Wy-238,Auburn,WY,83111,375000,5,2.0,Auburn,1976,43560,1980,45,,190,,Sold,https://www.redfin.com/WY/Auburn/3997-Wy-238-83111/home/190529880,TBOR,24-669,N,42.786255,-110.997758,1,0,1,1
PAST SALE,2024-08-08,321,8,Single Family Residential,697 Hardman Rd,Star Valley Ranch,WY,83127,525000,3,2.0,Star Valley Ranch,1519,23522,2005,20,,346,383.0,Sold,https://www.redfin.com/WY/Star-Valley-Ranch/697-Hardman-Rd-83127/home/135433267,TBOR,24-1341,N,42.9610427,-110.9503406,0,2,0,0
PAST SALE,2024-05-30,391,5,Single Family Residential,4570 Cty Rd 123,Bedford,WY,83112,569000,3,2.0,Bedford,2329,43560,1988,37,,244,,Sold,https://www.redfin.com/WY/Bedford/4570-County-Road-123-Unknown/home/187933149,TBOR,24-361,N,42.848842,-110.894482,1,2,0,1
PAST SALE,2023-12-29,544,12,Single Family Residential,315 Scrub Oak Dr,Star Valley Ranch,WY,83127,350000,3,2.0,Star Valley Ranch,1341,17424,1995,30,,261,457.0,Sold,https://www.redfin.com/WY/Star-Valley-Ranch/315-Scrub-Oak-Dr-83127/home/135359697,TBOR,23-1927,N,42.965774,-110.981259,0,2,0,0
PAST SALE,2024-10-15,253,10,Single Family Residential,491 Redwood Rd,Star Valley Ranch,WY,83127,425000,3,2.0,Star Valley Ranch,1456,21780,2001,24,,292,49.0,Sold,https://www.redfin.com/WY/Star-Valley-Ranch/491-Redwood-Rd-83127/home/192036976,TBOR,24-2117,N,42.9915516,-110.9595656,0,0,3,0
PAST SALE,2024-03-14,468,3,Single Family Residential,404 E 2nd Ave,Afton,WY,83110,385000,3,2.0,ZZZ--VOID--Do NOT Use,2027,19602,1969,56,,190,,Sold,https://www.redfin.com/WY/Afton/404-E-2nd-Ave-83110/home/135369858,TBOR,24-39,N,42.728987,-110.9215346,0,2,0,0
PAST SALE,2024-01-31,511,1,Single Family Residential,461 W Elkhorn Dr,Star Valley Ranch,WY,83127,495000,3,2.0,Star Valley Ranch,1264,30492,2023,2,,392,468.0,Sold,https://www.redfin.com/WY/Star-Valley-Ranch/461-W-Elkhorn-Dr-83127/home/165569065,TBOR,23-2549,N,42.991959,-110.976391,0,2,0,0
PAST SALE,2024-06-21,369,6,Single Family Residential,159 East St,Star Valley Ranch,WY,83127,439000,3,2.0,Star Valley Ranch,1176,22651,2005,20,,373,375.0,Sold,https://www.redfin.com/WY/Star-Valley-Ranch/159-East-St-83127/home/188125529,TBOR,24-648,N,42.9559152,-110.9493363,0,2,0,0
PAST SALE,2024-06-10,380,6,Single Family Residential,1278 Co Rd 120,Thayne,WY,83127,1150000,6,3.0,Haystack #2,4539,232174,2014,11,,253,,Sold,https://www.redfin.com/WY/Thayne/1278-County-Road-120-83127/home/135472418,TBOR,24-540,N,42.938072,-110.947538,0,2,3,1
PAST SALE,2024-05-20,401,5,Single Family Residential,148 Honeybee Ln,Afton,WY,83110,419900,3,2.0,Honeybee Meadows,1512,13939,2021,4,,278,50.0,Sold,https://www.redfin.com/WY/Afton/148-Honeybee-Ln-83110/home/175749155,TBOR,24-377,N,42.695347,-110.93117,0,2,0,1
PAST SALE,2024-08-19,310,8,Single Family Residential,771 Country Club Way,Thayne,WY,83127,699000,5,3.0,Stewart Country Club Estates,2992,13939,2006,19,,234,1400.0,Sold,https://www.redfin.com/WY/Thayne/771-Country-Club-Way-83127/home/135359763,TBOR,24-1394,N,42.9609554,-110.9745198,1,2,3,0
PAST SALE,2024-11-13,224,11,Single Family Residential,153 Honeybee Ln,Afton,WY,83110,415000,3,2.0,Honeybee Meadows,1406,15246,2023,2,,295,6.0,Sold,https://www.redfin.com/WY/Afton/153-Honeybee-Ln-83110/home/175749156,TBOR,24-2351,N,42.695847,-110.931167,0,2,0,0
PAST SALE,2024-04-24,427,4,Single Family Residential,170 Bear Hollow Cir,Thayne,WY,83127,499500,3,2.0,Bear Hollow,1468,11325,2018,7,,340,,Sold,https://www.redfin.com/WY/Thayne/170-Bear-Holw-Cir-83127/home/165568636,TBOR,24-203,N,42.916458,-110.982411,0,2,0,1
PAST SALE,2024-10-21,247,10,Single Family Residential,164 Cedar Dr,Star Valley Ranch,WY,83127,299000,2,2.0,Star Valley Ranch,1056,13068,1977,48,,283,49.0,Sold,https://www.redfin.com/WY/Star-Valley-Ranch/164-Cedar-Dr-83127/home/187962996,TBOR,24-2053,N,42.9883105,-110.9619218,0,2,2,0
PAST SALE,2024-07-05,355,7,Single Family Residential,1244 County Road 120,Thayne,WY,83127,849000,5,3.0,Haystack #2,2880,209523,1994,31,,295,,Sold,https://www.redfin.com/WY/Unknown/1244-County-Road-120-83127/home/190425621,TBOR,24-553,N,42.9381131,-110.9488454,1,2,2,0
PAST SALE,2024-11-05,232,11,Single Family Residential,327 Ponderosa Dr,Star Valley Ranch,WY,83127,539900,3,2.0,Star Valley Ranch,1468,27007,2021,4,,368,31.0,Sold,https://www.redfin.com/WY/Star-Valley-Ranch/327-Ponderosa-Dr-83127/home/165571415,TBOR,24-2248,N,42.958401,-110.949008,0,2,2,0
PAST SALE,2024-06-07,383,6,Single Family Residential,27 Canyon Dr,Etna,WY,83118,1250000,3,1.0,Mountain Shadows,1700,180774,2018,7,,735,,Sold,https://www.redfin.com/WY/Etna/27-Canyon-Dr-83118/home/192291048,TBOR,24-472,N,43.0504953,-110.9914642,0,5,0,0
PAST SALE,2024-08-02,327,8,Single Family Residential,697 Toms Canyon Rd,Auburn,WY,83111,395000,3,1.0,Auburn,1080,135036,1933,92,,366,,Sold,https://www.redfin.com/WY/Auburn/697-Toms-Canyon-Rd-83111/home/135402157,TBOR,24-752,N,42.807715,-111.008202,1,0,0,0
PAST SALE,2024-11-20,217,11,Single Family Residential,95 Abe Ln,Bedford,WY,83112,550000,5,3.0,Bedford,2580,21780,2024,1,,213,25.0,Sold,https://www.redfin.com/WY/Bedford/95-Abe-Ln-83112/home/192383490,TBOR,24-2342,N,42.9004356,-110.9425472,0,3,3,0
PAST SALE,2024-06-26,364,6,Single Family Residential,43 W Elkhorn Dr,Star Valley Ranch,WY,83127,774999,4,3.0,Prater Canyon,2490,24829,2002,23,,311,467.0,Sold,https://www.redfin.com/WY/Star-Valley-Ranch/43-W-Elkhorn-Dr-83127/home/135400188,TBOR,24-201,N,42.996,-110.973707,0,3,3,0
PAST SALE,2025-01-22,154,1,Single Family Residential,522 Three Rivers Dr,Alpine,WY,83128,659000,3,2.0,Alpine,1371,21780,1994,31,,481,,Sold,https://www.redfin.com/WY/Alpine/522-3-Rivers-Dr-83128/home/195243825,TBOR,24-2744,N,43.1582608,-111.003163,1,2,0,1
PAST SALE,2024-02-14,497,2,Single Family Residential,2173 Perkins Rd,Thayne,WY,83127,725000,5,3.0,Thayne,3200,87120,2023,2,,227,,Sold,https://www.redfin.com/WY/Thayne/2173-Perkins-Rd-83127/home/188747029,TBOR,23-2557,N,42.9540991,-110.9752121,0,2,3,0
PAST SALE,2025-03-27,90,3,Single Family Residential,150 Lilac Dr,Star Valley Ranch,WY,83127,595000,4,3.0,Star Valley Ranch,2580,13068,2004,21,,231,581.0,Sold,https://www.redfin.com/WY/Star-Valley-Ranch/150-Lilac-Dr-83127/home/135376857,TBOR,25-27,N,42.9623309,-110.9836698,1,2,3,0
PAST SALE,2024-10-15,253,10,Single Family Residential,64 Allred Rd,Afton,WY,83110,830000,3,3.0,Afton,2688,107593,2017,8,,309,,Sold,https://www.redfin.com/WY/Afton/64-Allred-Rd-83110/home/147182018,TBOR,24-1984,N,42.7233651,-110.9520463,0,4,0,0
PAST SALE,2024-03-29,453,3,Single Family Residential,345 River Loop,Freedom,WY,83120,725000,3,2.0,River Ranches Fishing & Equestrian Estates,1624,257004,2016,9,,446,500.0,Sold,https://www.redfin.com/WY/Freedom/345-River-LOOP-83120/home/187962630,TBOR,23-2597,N,42.995311,-111.019368,0,2,0,0
PAST SALE,2024-06-27,363,6,Single Family Residential,1701 County Road 120,Thayne,WY,83127,799000,4,3.5,Thayne,3003,206038,1974,51,,266,,Sold,https://www.redfin.com/WY/Star-Valley-Ranch/1701-County-Road-120-83127/home/187935079,TBOR,24-580,N,42.939627,-110.939703,1,2,0,1
PAST SALE,2024-06-25,365,6,Single Family Residential,78 Bison Meadows Ln,Thayne,WY,83127,1199000,5,4.0,Thayne,3902,275734,2023,2,,307,,Sold,https://www.redfin.com/WY/Thayne/78-Bison-Meadows-Ln-83127/home/180890723,TBOR,24-555,N,42.9009069,-110.99946,1,3,0,0
PAST SALE,2024-11-07,230,11,Single Family Residential,15 Snow Dr,Star Valley Ranch,WY,83127,549900,3,2.0,Star Valley Ranch,1548,28314,1994,31,,355,40.0,Sold,https://www.redfin.com/WY/Star-Valley-Ranch/15-Snow-DR-83127/home/192093812,TBOR,24-2158,N,42.997861,-110.972329,0,1,2,1
PAST SALE,2024-03-08,474,3,Single Family Residential,96 White Ave,Star Valley Ranch,WY,83127,699000,3,2.5,Star Valley Ranch,2406,26136,1984,41,,291,467.0,Sold,https://www.redfin.com/WY/Star-Valley-Ranch/96-White-AVE-83127/home/188923037,TBOR,23-2645,N,42.984251,-110.954827,0,2,3,1
PAST SALE,2024-01-04,538,1,Single Family Residential,384 Olympic Dr,Etna,WY,83118,995000,2,3.0,Buffalo Run,1627,217364,2017,8,,612,1500.0,Sold,https://www.redfin.com/WY/Etna/384-Olympic-Dr-83118/home/135486597,TBOR,23-2194,N,43.0760099,-111.013087,0,4,0,1
PAST SALE,2024-09-19,279,9,Single Family Residential,143 Aspen Way,Thayne,WY,83127,520000,3,2.0,Prater Canyon,1792,20908,2013,12,,290,,Sold,https://www.redfin.com/WY/Thayne/143-Aspen-Way-83127/home/191330649,TBOR,24-1582,N,42.9958203,-110.9710562,0,1,3,0
PAST SALE,2024-04-10,441,4,Single Family Residential,355 Upper Rd,Alpine,WY,83128,2200000,4,3.5,Shadow Dancer,3980,158994,2019,6,,553,3000.0,Sold,https://www.redfin.com/WY/Alpine/355-Upper-RD-83128/home/187939192,TBOR,24-51,N,43.119205,-111.016177,0,2,3,0
PAST SALE,2024-08-30,299,8,Single Family Residential,174 Redwood Rd,Star Valley Ranch,WY,83127,535000,3,3.0,Star Valley Ranch,1884,17424,1977,48,,284,593.0,Sold,https://www.redfin.com/WY/Star-Valley-Ranch/174-Redwood-Rd-83127/home/135422943,TBOR,24-1232,N,42.9884937,-110.9558212,0,1,3,1
PAST SALE,2024-09-17,281,9,Single Family Residential,110 Chokecherry Dr,Alpine,WY,83128,995000,3,2.5,Broken Wheel Ranch,2556,69260,1994,31,,389,67.0,Sold,https://www.redfin.com/WY/Alpine/110-Chokecherry-Dr-83128/home/135411769,TBOR,24-467,N,43.1060484,-111.0173138,0,2,3,0
PAST SALE,2024-08-16,313,8,Single Family Residential,215 North Forest Dr,Star Valley Ranch,WY,83127,998000,3,2.5,Star Valley Ranch,2784,44866,2007,18,,358,581.0,Sold,https://www.redfin.com/WY/Star-Valley-Ranch/215-N-Forest-Dr-83127/home/187933450,TBOR,24-1068,N,42.992859,-110.968229,0,2,1,0
PAST SALE,2024-07-12,348,7,Single Family Residential,983 Allred Rd,Afton,WY,83110,429000,2,2.0,Afton,1658,21780,1981,44,,259,,Sold,https://www.redfin.com/WY/Afton/983-Allred-Rd-83110/home/135412342,TBOR,24-672,N,42.7360315,-110.9534914,1,2,0,0
PAST SALE,2024-12-13,194,12,Single Family Residential,1443 Muddy String Rd,Thayne,WY,83127,499000,3,2.0,Thayne,1640,77972,1959,66,,304,,Sold,https://www.redfin.com/WY/Thayne/1443-Muddy-String-Rd-83127/home/195244527,TBOR,24-2121,N,42.9379664,-110.97325,0,2,2,1
PAST SALE,2024-08-20,309,8,Single Family Residential,572 Salt River Ln,Thayne,WY,83127,2650000,4,1.5,Salt River Ranch,3360,653400,2013,12,,789,951.0,Sold,https://www.redfin.com/WY/Thayne/572-Salt-River-LN-83127/home/190660670,TBOR,24-848,N,42.883569,-110.999679,0,3,0,0
PAST SALE,2024-07-12,348,7,Single Family Residential,231 River Rock Rd,Smoot,WY,83126,1050000,6,3.5,Smoot,3646,522720,1996,29,,288,,Sold,https://www.redfin.com/WY/Smoot/231-River-Rock-RD-83126/home/190489380,TBOR,24-602,N,42.652383,-110.951402,0,2,3,0
PAST SALE,2024-10-22,246,10,Single Family Residential,713 River Loop,Freedom,WY,83120,2190000,4,3.0,River Ranches Fishing & Equestrian Estates,4426,239580,2015,10,,495,29.0,Sold,https://www.redfin.com/WY/Freedom/713-River-LOOP-83120/home/190604480,TBOR,24-1491,N,43.001046,-111.019353,0,5,3,1
PAST SALE,2024-09-17,281,9,Single Family Residential,92 E 3rd Ave,Afton,WY,83110,399000,4,2.5,Afton,1736,13503,1937,88,,230,,Sold,https://www.redfin.com/WY/Afton/92-E-3rd-Ave-83110/home/135346790,TBOR,24-1421,N,42.7271508,-110.9309146,0,1,3,1
PAST SALE,2024-09-30,268,9,Single Family Residential,46 Oatgrass St,Alpine,WY,83128,985000,4,2.0,Alpine Meadows,1891,17424,2015,10,,521,27.0,Sold,https://www.redfin.com/WY/Alpine/46-Oatgrass-St-83128/home/143245266,TBOR,24-1550,N,43.1728159,-111.0262444,0,2,0,0
PAST SALE,2024-12-30,177,12,Single Family Residential,309 Snake Dr,Alpine,WY,83128,899999,4,3.0,Riverview Meadows,3741,14374,1994,31,,241,150.0,Sold,https://www.redfin.com/WY/Alpine/309-Snake-DR-83128/home/187961677,TBOR,24-2457,N,43.161819,-111.028291,0,2,3,0
PAST SALE,2024-02-28,483,2,Single Family Residential,64 Black Cir,Etna,WY,83118,715000,3,2.0,Black Creek Ranches,1404,214750,2022,3,,509,500.0,Sold,https://www.redfin.com/WY/Etna/64-Black-Creek-Cir-83118/home/192291068,TBOR,23-2359,N,43.0500175,-111.0246875,0,2,0,0
PAST SALE,2024-08-09,320,8,Single Family Residential,307 Cedar Dr Unit 10-16,Thayne,WY,83127,394900,3,2.0,Cedar Springs Meadows,1400,4791,2007,18,,282,2622.0,Sold,https://www.redfin.com/WY/Thayne/307-Cedar-DR-83127/unit-10-16/home/190417502,TBOR,24-579,N,42.95915,-110.978918,0,2,0,0
PAST SALE,2025-05-19,37,5,Single Family Residential,45 Little Greys Loop,Etna,WY,83118,599000,3,2.0,Etna Village Estates,1691,22651,2018,7,,354,50.0,Sold,https://www.redfin.com/WY/Etna/45-Little-Greys-Loop-83118/home/165559927,TBOR,25-191,N,43.03526,-111.01747,0,2,0,0
PAST SALE,2025-05-27,29,5,Single Family Residential,800 Strawberry Creek Rd,Thayne,WY,83127,2800000,2,2.0,Thayne,1230,5227200,2021,4,,2276,,Sold,https://www.redfin.com/WY/Thayne/800-Strawberry-Creek-Rd-83127/home/191607240,TBOR,25-51,N,42.887005,-110.9779925,0,0,0,0
PAST SALE,2024-09-06,292,9,Single Family Residential,277 W Reserve Dr,Alpine,WY,83128,4750000,5,4.0,Alpine Village,4153,61855,2011,14,,1144,6400.0,Sold,https://www.redfin.com/WY/Alpine/277-W-Reserve-Dr-83128/home/135360998,TBOR,24-1110,N,43.1843185,-111.0373026,0,2,0,0
PAST SALE,2025-03-03,114,3,Single Family Residential,576 Jefferson St,Afton,WY,83110,420000,5,2.0,Afton,2235,5662,1967,58,,188,,Sold,https://www.redfin.com/WY/Afton/576-Jefferson-St-83110/home/135387769,TBOR,24-2661,N,42.7214311,-110.9287527,1,1,1,1
PAST SALE,2024-11-07,230,11,Single Family Residential,200 A St,Bedford,WY,83112,698000,5,3.0,Bedford,2358,23086,2001,24,,296,,Sold,https://www.redfin.com/WY/Bedford/200-A-St-83112/home/135360497,TBOR,24-1933,N,42.9013713,-110.9396965,0,2,3,0
PAST SALE,2024-08-15,314,8,Single Family Residential,246 Kara St,Alpine,WY,83128,1690000,3,2.5,Trail Creek,2638,290545,2003,22,,641,600.0,Sold,https://www.redfin.com/WY/Alpine/246-Kara-St-83128/home/135360623,TBOR,24-823,N,43.104968,-111.030682,1,3,0,0
PAST SALE,2024-12-27,180,12,Single Family Residential,267 Adams St,Afton,WY,83110,429900,4,2.0,Afton,1912,13503,1954,71,,225,,Sold,https://www.redfin.com/WY/Afton/267-Adams-St-83110/home/135425080,TBOR,24-2350,N,42.7280559,-110.9302265,1,1,3,1
PAST SALE,2024-09-16,282,9,Single Family Residential,20 Ridgecrest Dr,Star Valley Ranch,WY,83127,605000,3,2.0,Star Valley Ranch,2414,24829,1997,28,,251,480.0,Sold,https://www.redfin.com/WY/Star-Valley-Ranch/20-Ridgecrest-Dr-83127/home/187963068,TBOR,24-598,N,42.973856,-110.954399,1,2,3,1
PAST SALE,2024-11-01,236,11,Single Family Residential,33 Fir Pl,Star Valley Ranch,WY,83127,685000,3,1.0,Star Valley Ranch,1077,16117,1991,34,,636,49.0,Sold,https://www.redfin.com/WY/Star-Valley-Ranch/33-Fir-Pl-83127/home/135417976,TBOR,24-1817,N,42.984888,-110.953448,0,1,0,1
PAST SALE,2025-06-05,20,6,Single Family Residential,413 S Lincoln St,Afton,WY,83110,385000,4,2.0,ZZZ--VOID--Do NOT Use,2118,8712,1912,113,,182,,Sold,https://www.redfin.com/WY/Afton/413-Lincoln-St-83110/home/135376395,TBOR,25-223,N,42.725133,-110.9359532,0,0,0,1
PAST SALE,2024-09-20,278,9,Single Family Residential,53 Custer Dr,Star Valley Ranch,WY,83127,695000,4,3.0,Star Valley Ranch,2676,24829,2005,20,,260,387.0,Sold,https://www.redfin.com/WY/Star-Valley-Ranch/53-Custer-Dr-83127/home/135436589,TBOR,24-838,N,42.9557475,-110.9545987,1,2,3,0
PAST SALE,2024-02-02,509,2,Single Family Residential,378 Sugar Dr,Star Valley Ranch,WY,83127,580000,4,3.0,Star Valley Ranch,1947,22215,1989,36,,298,418.0,Sold,https://www.redfin.com/WY/Star-Valley-Ranch/378-Sugar-DR-83127/home/187933088,TBOR,23-2165,N,42.981217,-110.969995,1,2,3,1
PAST SALE,2024-10-11,257,10,Single Family Residential,10 Wiemann Way,Alpine,WY,83128,5750000,2,2.5,Alpine,3187,87120,2015,10,,1804,1000.0,Sold,https://www.redfin.com/WY/Alpine/10-Wiemann-Way-83128/home/135494541,TBOR,24-1486,N,43.1790464,-111.0308344,1,2,0,0
PAST SALE,2024-11-08,229,11,Single Family Residential,277 Madison St,Afton,WY,83110,435000,4,2.0,Afton,1558,10018,1957,68,,279,,Sold,https://www.redfin.com/WY/Afton/277-Madison-St-83110/home/135437569,TBOR,24-1828,N,42.727749,-110.92452,1,2,3,0
PAST SALE,2024-02-07,504,2,Single Family Residential,333 Aspen Trl,Alpine,WY,83128,1695000,5,3.5,Aspen Ridge Estates,4317,22215,2008,17,,393,1350.0,Sold,https://www.redfin.com/WY/Alpine/333-Aspen-Ln-83128/home/187933613,TBOR,23-2183,N,43.108264,-111.018528,0,3,3,1
PAST SALE,2024-10-23,245,10,Single Family Residential,544 Madison Ave,Afton,WY,83110,289900,3,2.0,Afton,1584,10890,1949,76,,183,,Sold,https://www.redfin.com/WY/Afton/544-Madison-St-83110/home/135426645,TBOR,24-1583,N,42.7221454,-110.9257723,0,3,1,0
PAST SALE,2024-02-09,502,2,Single Family Residential,573 Richardson Crk,Afton,WY,83110,1750000,4,3.5,Afton,4156,2094364,2005,20,,421,,Sold,https://www.redfin.com/WY/Afton/573-Richardson-Crk-83110/home/135425009,TBOR,23-1826,N,42.7055213,-111.0048269,1,2,3,0
PAST SALE,2025-01-02,174,1,Single Family Residential,820 N Hwy 89,Thayne,WY,83127,329000,3,1.0,Thayne,1050,22215,1935,90,,313,,Sold,https://www.redfin.com/WY/Thayne/820-U-S-Highway-89-Unknown/home/192322954,TBOR,24-2327,N,42.930242,-111.006924,0,1,0,0
PAST SALE,2024-10-31,237,10,Single Family Residential,344 Cedar Dr,Star Valley Ranch,WY,83127,515000,2,2.0,Star Valley Ranch,1446,17424,1998,27,,356,31.0,Sold,https://www.redfin.com/WY/Star-Valley-Ranch/344-Cedar-Dr-83127/home/135392571,TBOR,24-1126,N,42.991013,-110.961976,0,1,0,1
PAST SALE,2024-11-15,222,11,Single Family Residential,423 Conestoga Rd,Etna,WY,83128,3485000,7,3.5,Etna,5180,1524600,2016,9,,673,,Sold,https://www.redfin.com/WY/Etna/423-Conestoga-Rd-83118/home/135435137,TBOR,24-1614,N,43.054911,-111.0189461,0,2,0,0
PAST SALE,2024-08-20,309,8,Single Family Residential,9 Custer Dr,Star Valley Ranch,WY,83127,545000,3,2.0,Star Valley Ranch,1404,23086,2019,6,,388,375.0,Sold,https://www.redfin.com/WY/Star-Valley-Ranch/9-Custer-Dr-83127/home/165564740,TBOR,24-634,N,42.956406,-110.954141,1,2,0,0
PAST SALE,2024-12-16,191,12,Single Family Residential,51 Mahogany Way,Star Valley Ranch,WY,83127,679000,3,2.0,Star Valley Ranch,3056,21780,2022,3,,222,49.0,Sold,https://www.redfin.com/WY/Star-Valley-Ranch/51-Mahogany-Way-83127/home/187936003,TBOR,24-1822,N,43.0033486,-110.9790875,0,3,2,0
PAST SALE,2024-08-14,315,8,Single Family Residential,158 Ponderosa Dr,Star Valley Ranch,WY,83127,875000,5,3.5,Star Valley Ranch,3194,28749,2020,5,,274,371.0,Sold,https://www.redfin.com/WY/Star-Valley-Ranch/158-Ponderosa-Dr-83127/home/192290825,TBOR,24-545,N,42.958834,-110.952734,0,3,3,0
PAST SALE,2024-10-25,243,10,Single Family Residential,142 Co Rd 184,Freedom,WY,83120,525000,3,2.5,Freedom,2018,51400,1940,85,,260,,Sold,https://www.redfin.com/WY/Freedom/142-County-Road-184-83120/home/135431058,TBOR,24-1026,N,42.995579,-111.0420588,1,3,0,1
PAST SALE,2024-12-19,188,12,Single Family Residential,250 Salt River Rnch,Thayne,WY,83127,3888000,4,3.5,Salt River Ranch,3298,417304,2021,4,,1179,74.0,Sold,https://www.redfin.com/WY/Thayne/250-Salt-River-Ranch-Ln-83127/home/195244045,TBOR,24-2090,N,42.889199,-111.0018379,0,3,0,0
PAST SALE,2025-04-10,76,4,Single Family Residential,40 Chokecherry Dr,Star Valley Ranch,WY,83127,776000,3,2.0,Star Valley Ranch,2159,39204,2008,17,,359,52.0,Sold,https://www.redfin.com/WY/Star-Valley-Ranch/40-Chokecherry-Dr-83127/home/135394786,TBOR,24-2815,N,42.9975856,-110.978524,0,2,2,0
PAST SALE,2024-10-31,237,10,Single Family Residential,117 Solitude Dr,Star Valley Ranch,WY,83127,599000,3,2.0,Star Valley Ranch,1803,22651,2015,10,,332,40.0,Sold,https://www.redfin.com/WY/Star-Valley-Ranch/117-Solitude-Dr-83127/home/135479170,TBOR,24-1462,N,42.977137,-110.961888,0,2,0,0
PAST SALE,2024-08-16,313,8,Single Family Residential,195 Wicki-up Way,Afton,WY,83110,429900,3,2.0,Wicki-up Estates,1512,95832,2022,3,,284,,Sold,https://www.redfin.com/WY/Afton/195-Wicki-Up-Way-83110/home/165563059,TBOR,24-517,Y,42.6755454,-110.9280613,0,0,2,0
PAST SALE,2024-09-09,289,9,Single Family Residential,346 Monroe St,Afton,WY,83110,489000,5,3.0,Afton,2800,15681,1976,49,,175,,Sold,https://www.redfin.com/WY/Afton/346-Monroe-St-83110/home/135377976,TBOR,24-749,N,42.7262043,-110.9225125,1,2,2,0
PAST SALE,2025-05-28,28,5,Single Family Residential,583 Country Club Way,Thayne,WY,83127,597000,2,2.0,Stewart Country Club Estates,1395,13939,2007,18,,428,117.0,Sold,https://www.redfin.com/WY/Thayne/583-Country-Club-Way-83127/home/135390216,TBOR,24-2844,N,42.9609631,-110.9784638,0,2,2,0
PAST SALE,2024-11-15,222,11,Single Family Residential,34 Vista East Dr,Star Valley Ranch,WY,83127,569000,3,3.0,Star Valley Ranch,1991,22651,1995,30,,286,35.0,Sold,https://www.redfin.com/WY/Star-Valley-Ranch/34-Vista-East-Dr-83127/home/195244260,TBOR,24-1667,N,42.9793281,-110.9583107,1,2,3,1
PAST SALE,2025-02-25,120,2,Single Family Residential,60 Shooting Star Dr,Thayne,WY,83127,1849000,5,4.5,Shooting Star,4056,189486,2017,8,,456,350.0,Sold,https://www.redfin.com/WY/Thayne/60-Shooting-Star-Dr-83127/home/147181328,TBOR,24-2582,N,42.93137,-110.935165,0,3,3,0
PAST SALE,2024-12-13,194,12,Single Family Residential,615 Sky Rd,Smoot,WY,83126,6300000,6,4.5,Smoot,8995,3223004,2019,6,,700,,Sold,https://www.redfin.com/WY/Smoot/615-Sky-RD-Unknown/home/191767359,TBOR,24-1928,N,42.582602,-110.899252,1,4,2,0
PAST SALE,2024-12-02,205,12,Single Family Residential,253 Southbrook Dr,Thayne,WY,83127,1495000,5,3.5,Southbrook Ranches,4055,595029,1995,30,,369,25.0,Sold,https://www.redfin.com/WY/Thayne/253-Southbrook-Dr-83127/home/135423523,TBOR,24-1336,N,42.943541,-111.0139656,1,2,3,0
PAST SALE,2024-12-23,184,12,Single Family Residential,3438 Hwy 238,Auburn,WY,83111,699000,6,3.0,Auburn,3863,87120,1994,31,,181,,Sold,https://www.redfin.com/WY/Auburn/3438-State-Highway-238-83111/home/135385317,TBOR,24-2008,N,42.8001334,-110.9988995,1,2,0,1
PAST SALE,2025-03-17,100,3,Single Family Residential,141 County Road 184,Freedom,WY,83120,1095000,2,2.0,Freedom,1180,108900,2003,22,,928,,Sold,https://www.redfin.com/WY/Freedom/141-County-Road-184-83120/home/135431048,TBOR,24-2123,N,42.996962,-111.0415212,0,2,0,0
PAST SALE,2024-05-30,391,5,Single Family Residential,571 E Cottage Dr,Alpine,WY,83128,465000,2,1.0,Livingston,952,10018,1940,85,,488,,Sold,https://www.redfin.com/WY/Alpine/571-E-Cottage-Ln-83128/home/135365863,TBOR,23-2350,N,43.17422,-111.03219,1,0,0,0
PAST SALE,2024-11-04,233,11,Single Family Residential,190 Cottonwood Creek Rd,Smoot,WY,83126,695000,4,3.0,Smoot,2382,158558,1980,45,,292,,Sold,https://www.redfin.com/WY/Smoot/190-Cottonwood-Creek-Rd-83126/home/191088551,TBOR,24-1344,N,42.6123188,-110.8695673,1,2,2,0
PAST SALE,2024-12-13,194,12,Single Family Residential,467 Reeves Schwab Rd,Smoot,WY,83126,6388500,5,4.0,Smoot,7482,3680820,2020,5,,854,,Sold,https://www.redfin.com/WY/Smoot/467-Reeves-Schwab-Rd-83126/home/168771931,TBOR,24-1882,N,42.601809,-110.929234,0,3,3,0
PAST SALE,2025-01-28,148,1,Single Family Residential,264 Evergreen Dr,Star Valley Ranch,WY,83127,1225000,4,3.0,Star Valley Ranch,2746,35283,1995,30,,446,49.0,Sold,https://www.redfin.com/WY/Star-Valley-Ranch/264-Evergreen-Dr-83127/home/187940261,TBOR,24-2321,N,43.0078594,-110.9745307,0,2,1,0
PAST SALE,2024-09-05,293,9,Single Family Residential,49 Betsy Ct,Bedford,WY,83112,675000,4,3.0,Green Valley,2992,38332,2016,9,,226,,Sold,https://www.redfin.com/WY/Bedford/49-Betsy-Ct-83112/home/143244486,TBOR,24-562,N,42.896085,-110.914588,0,2,3,0
PAST SALE,2025-04-04,82,4,Single Family Residential,251 Adams St,Afton,WY,83110,349000,3,2.0,Afton,2130,13503,1961,64,,164,,Sold,https://www.redfin.com/WY/Afton/251-Adams-St-83110/home/135361168,TBOR,24-2734,N,42.7283187,-110.9302197,1,1,1,0
PAST SALE,2024-11-15,222,11,Single Family Residential,242 Pine St,Alpine,WY,83128,1279000,2,2.0,Rees Subdivision,1568,44431,2005,20,,816,,Sold,https://www.redfin.com/WY/Alpine/242-Pine-St-83128/home/135342960,TBOR,24-1457,N,43.176983,-111.011996,0,2,0,0
PAST SALE,2025-01-31,145,1,Single Family Residential,99 Lilac Dr,Star Valley Ranch,WY,83127,525000,3,2.0,Star Valley Ranch,1625,17424,2024,1,,323,49.0,Sold,https://www.redfin.com/WY/Star-Valley-Ranch/99-Lilac-Dr-83127/home/192257311,TBOR,24-2265,N,42.9631787,-110.9832973,0,2,2,0
PAST SALE,2025-01-07,169,1,Single Family Residential,693 E Cottage Ln,Alpine,WY,83128,359000,3,2.0,Leon Livingston,896,10018,1985,40,,401,,Sold,https://www.redfin.com/WY/Alpine/693-E-Cottage-Ln-83128/home/191918596,TBOR,24-2046,N,43.1750247,-111.0332901,0,0,0,1
PAST SALE,2025-03-25,92,3,Single Family Residential,1240 Saddle Dr,Etna,WY,83118,749000,5,3.0,Nordic Ranches,3048,87120,2001,24,,246,,Sold,https://www.redfin.com/WY/Etna/1240-Saddle-Dr-83118/home/135352279,TBOR,24-2051,N,43.081393,-111.005865,1,2,3,0
PAST SALE,2025-04-18,68,4,Single Family Residential,68 Brushwood Dr,Star Valley Ranch,WY,83127,525000,3,2.0,Star Valley Ranch,1625,13068,2024,1,,323,49.0,Sold,https://www.redfin.com/WY/Star-Valley-Ranch/68-Brushwood-Dr-83127/home/192257090,TBOR,24-2264,N,42.9653005,-110.9841871,0,2,2,0
PAST SALE,2024-10-11,257,10,Single Family Residential,325 Snake Dr,Alpine,WY,83128,899000,4,3.0,Riverview Meadows,2880,14374,2002,23,,312,17.0,Sold,https://www.redfin.com/WY/Alpine/325-Snake-DR-83128/home/190609362,TBOR,24-738,N,43.161823,-111.029643,0,2,3,0
PAST SALE,2024-11-08,229,11,Single Family Residential,253 Scrub Oak Dr,Star Valley Ranch,WY,83127,575000,3,2.0,Star Valley Ranch,1650,17424,2024,1,,348,48.0,Sold,https://www.redfin.com/WY/Star-Valley-Ranch/253-Scrub-Oak-Dr-83127/home/190886098,TBOR,24-1088,N,42.9667836,-110.9817569,0,2,2,0
PAST SALE,2024-12-16,191,12,Single Family Residential,619 Roberts Rd,Etna,WY,83118,1275000,3,2.0,The Aspens at Clark Lane,3130,100623,2010,15,,407,50.0,Sold,https://www.redfin.com/WY/Etna/619-Roberts-Rd-83118/home/135438683,TBOR,24-1559,N,43.0039289,-110.9848118,0,2,1,1
PAST SALE,2025-02-21,124,2,Single Family Residential,76 Solitude Dr,Star Valley Ranch,WY,83127,565000,3,2.0,Star Valley Ranch,1840,22651,2002,23,,307,475.0,Sold,https://www.redfin.com/WY/Star-Valley-Ranch/76-Solitude-Dr-83127/home/187963509,TBOR,24-2287,N,42.9776474,-110.9628416,0,2,0,1
PAST SALE,2024-10-25,243,10,Single Family Residential,LOT 44 Rusty Springs Ln,Thayne,WY,83127,439900,3,2.0,The Meadows,1200,13939,2024,1,,367,42.0,Sold,https://www.redfin.com/WY/Unknown/LOT-44-Rusty-Springs-Ln-83127/home/190667906,TBOR,24-850,N,42.918663,-110.979168,0,2,0,0
PAST SALE,2024-07-31,329,7,Single Family Residential,1813 East Etna South Rd,Etna,WY,83118,1095000,5,4.0,Stonefly Ranch,5157,217800,2008,17,,212,,Sold,https://www.redfin.com/WY/Etna/1813-E-Etna-South-Rd-83118/home/190732849,TBOR,24-165,N,43.006433,-110.991157,1,3,3,0
PAST SALE,2024-10-30,238,10,Single Family Residential,LOT 41 Rusty Springs Ln,Thayne,WY,83127,394900,3,2.0,The Meadows,1200,13503,2024,1,,329,42.0,Sold,https://www.redfin.com/WY/Unknown/LOT-41-Rusty-Springs-Ln-83127/home/190683608,TBOR,24-866,N,42.918113,-110.979715,0,2,0,0
PAST SALE,2024-11-14,223,11,Single Family Residential,30 Last Chance Cir,Star Valley Ranch,WY,83127,799000,3,2.5,Star Valley Ranch,2560,28314,1996,29,,312,31.0,Sold,https://www.redfin.com/WY/Star-Valley-Ranch/30-Last-Chance-Cir-83127/home/190686349,TBOR,24-699,N,42.9657157,-110.9512469,1,3,0,0
PAST SALE,2024-10-25,243,10,Single Family Residential,501 Keystone Trl,Etna,WY,83118,4950000,5,3.5,Etna,6116,1614769,2002,23,,809,,Sold,https://www.redfin.com/WY/Etna/501-Keystone-Trl-83118/home/135438625,TBOR,24-797,N,43.027721,-110.97883,1,3,0,1
PAST SALE,2025-05-15,41,5,Single Family Residential,246 Ponderosa Dr,Star Valley Ranch,WY,83127,570000,3,2.0,Star Valley Ranch,1600,23086,2024,1,,356,40.0,Sold,https://www.redfin.com/WY/Star-Valley-Ranch/246-Ponderosa-Dr-83127/home/193047050,TBOR,24-2601,N,42.9579441,-110.9512396,0,2,2,1
PAST SALE,2024-10-24,244,10,Single Family Residential,106 Yellowstone Dr,Thayne,WY,83127,998000,4,3.0,Bridger View Ranches,3414,116305,2007,18,,292,113.0,Sold,https://www.redfin.com/WY/Thayne/106-Yellowstone-Dr-83127/home/191429632,TBOR,24-735,N,42.9691403,-110.9931104,1,2,3,0
PAST SALE,2024-06-20,370,6,Single Family Residential,28 Star Peaks Ct,Star Valley Ranch,WY,83127,1250000,4,3.5,Star Valley Ranch,4771,39639,2023,2,,262,480.0,Sold,https://www.redfin.com/WY/Star-Valley-Ranch/28-Star-Peaks-Ct-83127/home/165565305,TBOR,23-1060,N,42.97965,-110.954896,0,2,2,0
PAST SALE,2024-08-23,306,8,Single Family Residential,102 Scrub Oak Dr,Star Valley Ranch,WY,83127,449000,3,2.0,Star Valley Ranch,1287,13068,2002,23,,349,593.0,Sold,https://www.redfin.com/WY/Star-Valley-Ranch/102-Scrub-Oak-Dr-83127/home/135376804,TBOR,24-215,N,42.962568,-110.980545,0,2,0,1
PAST SALE,2024-11-04,233,11,Single Family Residential,102 Spruce St,Alpine,WY,83128,1395000,2,2.0,Rees Subdivision,1416,21780,2018,7,,985,100.0,Sold,https://www.redfin.com/WY/Alpine/102-Spruce-St-83128/home/165569411,TBOR,24-546,N,43.177937,-111.014573,1,4,0,0
PAST SALE,2024-11-25,212,11,Single Family Residential,188 Shooting Star Dr,Thayne,WY,83127,1295000,4,3.5,Shooting Star,3912,251776,2021,4,,331,38.0,Sold,https://www.redfin.com/WY/Thayne/188-Shooting-Star-Dr-83127/home/135360299,TBOR,24-1035,N,42.9308777,-110.9373246,0,0,3,0
PAST SALE,2025-02-28,117,2,Single Family Residential,840 Allred Rd,Afton,WY,83110,419489,4,2.0,Afton,1783,112384,1933,92,,235,,Sold,https://www.redfin.com/WY/Afton/840-Allred-Rd-83110/home/135383493,TBOR,24-1445,Y,42.7339533,-110.9526908,1,0,1,1
PAST SALE,2024-12-09,198,12,Single Family Residential,260 Hawthorn Dr,Alpine,WY,83128,895000,3,3.0,Broken Wheel Ranch,2432,33105,1982,43,,368,67.0,Sold,https://www.redfin.com/WY/Alpine/260-Hawthorne-Dr-83128/home/135410231,TBOR,24-1207,N,43.1062919,-111.0190097,0,1,0,1
PAST SALE,2025-05-09,47,5,Single Family Residential,190 Meadow Dr,Alpine,WY,83128,799000,3,2.5,Meadow Ridge Estates,2600,22651,2024,1,,307,113.0,Sold,https://www.redfin.com/WY/Alpine/190-Meadows-Dr-83128/home/193337406,TBOR,24-2703,N,43.1603857,-111.0103275,0,2,0,0
PAST SALE,2024-12-03,204,12,Single Family Residential,324 Little Greys Lp Loop,Etna,WY,83118,575000,4,2.5,Etna Village Estates,1822,22215,2024,1,,316,70.0,Sold,https://www.redfin.com/WY/Etna/324-Little-Greys-Loop-83118/home/165575269,TBOR,24-1107,N,43.034863,-111.019779,0,2,2,0
PAST SALE,2024-04-24,427,4,Single Family Residential,425 Jackson St,Afton,WY,83110,630000,6,3.5,Afton,4161,10890,1947,78,,151,,Sold,https://www.redfin.com/WY/Afton/425-Jackson-St-83110/home/135358910,TBOR,23-2289,N,42.7234877,-110.92879,0,2,3,1
PAST SALE,2024-09-20,278,9,Single Family Residential,1663 Spring Rd,Fairview,WY,83119,575000,3,3.0,Fairview,2040,79714,2022,3,,282,,Sold,https://www.redfin.com/WY/Fairview/1663-Spring-RD-83119/home/189960763,TBOR,24-308,N,42.666842,-110.988121,0,0,0,0
PAST SALE,2024-05-08,413,5,Single Family Residential,71 Willow Dr,Alpine,WY,83128,1125000,4,3.0,Salt River Cove,3088,54014,2016,9,,364,1300.0,Sold,https://www.redfin.com/WY/Alpine/71-Willow-DR-83128/home/187933059,TBOR,23-850,N,43.116381,-111.025707,0,2,0,0
PAST SALE,2025-06-12,13,6,Single Family Residential,17 Ponderosa Pl,Star Valley Ranch,WY,83127,529000,3,2.0,Star Valley Ranch,1408,25264,2018,7,,376,31.0,Sold,https://www.redfin.com/WY/Star-Valley-Ranch/17-Ponderosa-Pl-83127/home/165568115,TBOR,24-2309,N,42.958292,-110.950607,0,2,2,0
PAST SALE,2024-09-05,293,9,Single Family Residential,443 Co Rd 115,Etna,WY,83120,640000,5,2.0,Etna,3069,43995,2020,5,,209,,Sold,https://www.redfin.com/WY/Etna/443-Co-Rd-115-83120/home/188951776,TBOR,23-2666,N,42.99735,-111.003657,0,3,0,0
PAST SALE,2025-02-26,119,2,Single Family Residential,24 Box Elder Pl,Star Valley Ranch,WY,83127,520000,3,2.5,Star Valley Ranch,1680,21780,1997,28,,310,480.0,Sold,https://www.redfin.com/WY/Star-Valley-Ranch/24-Box-Elder-Pl-83127/home/195243859,TBOR,24-1423,N,42.9987797,-110.9797931,0,2,1,1
PAST SALE,2024-12-13,194,12,Single Family Residential,615 Jackson St,Afton,WY,83110,560000,4,3.0,Afton,3648,17859,1952,73,,154,,Sold,https://www.redfin.com/WY/Afton/615-Jackson-St-83110/home/135423189,TBOR,24-919,N,42.7209434,-110.9293718,1,1,1,1
PAST SALE,2024-11-01,236,11,Single Family Residential,328 Wagner Trl,Smoot,WY,83126,855000,6,2.0,Wagner View,3016,435600,2020,5,,283,,Sold,https://www.redfin.com/WY/Smoot/328-Wagner-TRL-Unknown/home/190255272,TBOR,24-458,N,42.635453,-110.944307,0,2,1,0
PAST SALE,2025-05-07,49,5,Single Family Residential,626 Snake River St,Alpine,WY,83128,898000,3,2.5,Riverview Meadows,2028,15681,2019,6,,443,17.0,Sold,https://www.redfin.com/WY/Alpine/626-Snake-River-ST-83128/home/192261157,TBOR,24-2240,N,43.16186,-111.032627,0,2,0,0
PAST SALE,2024-11-27,210,11,Single Family Residential,607 Alpine Village Loop,Alpine,WY,83128,1495000,3,2.5,Alpine Lakes,4633,43995,2006,19,,323,29.0,Sold,https://www.redfin.com/WY/Alpine/607-Alpine-Village-Loop-83128/home/192351968,TBOR,24-565,N,43.1864994,-111.03343,0,2,0,0
PAST SALE,2024-06-07,383,6,Single Family Residential,193 Caribou Forest Dr,Alpine,WY,83128,695000,2,2.0,Alpine Retreat,1395,21780,2020,5,,498,500.0,Sold,https://www.redfin.com/WY/Alpine/193-Caribou-Frst-Dr-83128/home/165575448,TBOR,23-964,N,43.1212436,-111.0401005,1,0,0,0
PAST SALE,2025-01-03,173,1,Single Family Residential,492 N Main St,Thayne,WY,83127,589000,3,2.0,Thayne,1941,44866,1958,67,,303,,Sold,https://www.redfin.com/WY/Thayne/492-N-Main-St-83127/home/135391259,TBOR,24-951,N,42.9230371,-111.0020119,1,1,0,1
PAST SALE,2024-11-15,222,11,Single Family Residential,333 Wagner Trl,Smoot,WY,83126,1150000,3,2.5,Wagner View,3103,435600,2020,5,,371,,Sold,https://www.redfin.com/WY/Smoot/333-Wagner-TRL-Unknown/home/190255271,TBOR,24-459,N,42.63792,-110.944359,0,2,0,0
PAST SALE,2024-07-31,329,7,Single Family Residential,50 Bear Creek Dr,Thayne,WY,83127,699000,3,2.0,Bear Creek Estates,1512,189486,2018,7,,462,300.0,Sold,https://www.redfin.com/WY/Thayne/50-Bear-Creek-DR-83127/home/187933314,TBOR,23-643,N,42.93852,-110.95743,1,2,0,0
PAST SALE,2024-06-10,380,6,Single Family Residential,731 Pine Crest Cir,Alpine,WY,83128,675000,2,2.5,Lakeview Estates,1920,8712,1971,54,,352,,Sold,https://www.redfin.com/WY/Alpine/731-Pinecrest-County-Rd-83128/home/135380952,TBOR,23-2013,N,43.15875,-111.014058,0,3,0,1
PAST SALE,2025-04-17,69,4,Single Family Residential,90 Ramblin Rd,Freedom,WY,83118,675000,4,2.0,Freedom,2648,87120,2003,22,,255,,Sold,https://www.redfin.com/WY/Freedom/90-Ramblin-RD-83120/home/189959013,TBOR,24-307,N,42.98349,-110.992528,1,0,2,0
PAST SALE,2025-02-18,127,2,Single Family Residential,658 Cedar Dr,Star Valley Ranch,WY,83127,540000,2,1.0,Star Valley Ranch,1497,26136,2004,21,,361,377.0,Sold,https://www.redfin.com/WY/Star-Valley-Ranch/658-Cedar-Dr-83127/home/191095871,TBOR,24-1350,N,42.992654,-110.95834,1,0,0,0
PAST SALE,2024-07-25,335,7,Single Family Residential,5 Meadow Ridge Rd,Alpine,WY,83128,949000,4,3.5,Meadow Ridge Estates,2892,24393,2007,18,,328,1350.0,Sold,https://www.redfin.com/WY/Alpine/5-Meadow-Ridge-Rd-83128/home/187932924,TBOR,23-2004,N,43.1755149,-111.0191837,0,2,0,0
PAST SALE,2024-07-24,336,7,Single Family Residential,228 Hialeah Rd,Afton,WY,83110,499000,4,2.0,Hialeah Subdivision,2084,69696,2003,22,,239,,Sold,https://www.redfin.com/WY/Afton/228-Hialeah-Rd-83110/home/135416086,TBOR,23-2063,N,42.667017,-110.937849,1,2,0,0
PAST SALE,2025-03-25,92,3,Single Family Residential,36 W 4th Ave,Afton,WY,83110,475000,5,2.0,Afton,2844,16552,1939,86,,167,,Sold,https://www.redfin.com/WY/Afton/36-E-4th-Ave-83110/home/135371650,TBOR,24-1791,N,42.7249911,-110.9343788,1,1,3,1
PAST SALE,2024-12-20,187,12,Single Family Residential,137 E 6th Ave,Afton,WY,83110,309000,3,2.0,Afton,1410,13503,1928,97,,219,,Sold,https://www.redfin.com/WY/Afton/137-E-6th-Ave-83110/home/135426600,TBOR,24-558,N,42.7219417,-110.9301032,1,1,0,1
PAST SALE,2024-06-28,362,6,Single Family Residential,105298 Us-89,Etna,WY,83118,725000,4,2.0,ZZZ--VOID--Do NOT Use,2052,477853,1918,107,,353,,Sold,https://www.redfin.com/WY/Etna/105298-U-S-89-83118/home/187933574,TBOR,22-983,N,42.9958021,-111.011878,1,2,2,0
PAST SALE,2024-12-30,177,12,Single Family Residential,580 Alta Dr,Star Valley Ranch,WY,83127,1163000,5,3.0,Star Valley Ranch,3904,60984,2008,17,,298,62.0,Sold,https://www.redfin.com/WY/Star-Valley-Ranch/580-Alta-Dr-83127/home/195243822,TBOR,24-597,N,42.972171,-110.958352,0,3,3,0
PAST SALE,2025-05-20,36,5,Single Family Residential,540 Little Greys Loop,Etna,WY,83118,637000,3,2.0,Etna Village Estates,1625,23086,2024,1,,392,80.0,Sold,https://www.redfin.com/WY/Etna/540-Little-Greys-Loop-83120/home/192256060,TBOR,24-2258,N,43.0374434,-111.0189884,0,2,2,0
PAST SALE,2025-03-10,107,3,Single Family Residential,442 Spruce Dr,Star Valley Ranch,WY,83127,485000,2,1.5,Star Valley Ranch,1500,39204,1982,43,,323,581.0,Sold,https://www.redfin.com/WY/Star-Valley-Ranch/442-Spruce-Dr-83127/home/135368110,TBOR,24-1414,N,43.0076933,-110.9764796,1,0,3,1
PAST SALE,2025-06-06,19,6,Single Family Residential,1400 Co Rd 126,Bedford,WY,83112,3750000,6,3.5,Bedford,5220,2295612,1999,26,,718,,Sold,https://www.redfin.com/WY/Bedford/1400-County-Road-126-83112/home/192257996,TBOR,24-2294,N,42.8869878,-110.9659734,1,3,3,0
PAST SALE,2024-09-30,268,9,Single Family Residential,101 Fairway Ave,Thayne,WY,83127,850000,4,3.5,Stewart Country Club Estates,3394,30056,2007,18,,250,1295.0,Sold,https://www.redfin.com/WY/Thayne/101-Fairway-Ave-83127/home/135418974,TBOR,23-2155,N,42.9675719,-110.9780291,1,3,3,0
PAST SALE,2024-08-23,306,8,Single Family Residential,12 Cottonwood Ln,Star Valley Ranch,WY,83127,545000,3,2.5,Star Valley Ranch,2064,40946,1996,29,,264,467.0,Sold,https://www.redfin.com/WY/Star-Valley-Ranch/12-Cottonwood-Ln-83127/home/135343640,TBOR,23-338,N,42.9971523,-110.9805182,1,2,0,0
PAST SALE,2025-04-04,82,4,Single Family Residential,11 Last Chance Cir,Star Valley Ranch,WY,83127,685000,4,3.0,Star Valley Ranch,2700,28314,1993,32,,254,31.0,Sold,https://www.redfin.com/WY/Star-Valley-Ranch/11-Last-Chance-Cir-83127/home/192274736,TBOR,24-552,N,42.9654929,-110.9503995,0,2,3,0
PAST SALE,2025-03-28,89,3,Single Family Residential,270 Little Greys Lp Loop,Etna,WY,83118,585000,4,2.5,Etna Village Estates,2062,26136,2024,1,,284,840.0,Sold,https://www.redfin.com/WY/Etna/270-Little-Greys-Loop-83120/home/190904485,TBOR,24-1108,N,43.0343548,-111.0199148,0,2,2,0
PAST SALE,2025-02-14,131,2,Single Family Residential,300 Young Ln,Afton,WY,83110,799900,7,4.0,Rockbridge Meadows,5202,21344,2022,3,,154,100.0,Sold,https://www.redfin.com/WY/Afton/300-Young-Ln-83110/home/165557571,TBOR,24-133,N,42.7375479,-110.921338,0,3,3,0
PAST SALE,2025-04-18,68,4,Single Family Residential,670 N Sprague Creek Rd,Fairview,WY,83119,1100000,3,2.5,Fairview,3913,109335,2008,17,,281,13.0,Sold,https://www.redfin.com/WY/Fairview/670-N-Sprague-Creek-Dr-83119/home/190979240,TBOR,24-1178,N,42.6614,-110.977555,0,3,3,0
PAST SALE,2024-12-06,201,12,Single Family Residential,73 Cameo Ct,Afton,WY,83110,849000,4,3.5,Cameo Estates,3812,215186,2014,11,,223,,Sold,https://www.redfin.com/WY/Afton/73-Cameo-Ct-83110/home/135453928,TBOR,24-4,N,42.7068398,-110.9808642,0,3,0,0
PAST SALE,2024-09-25,273,9,Single Family Residential,176 Cedar Dr,Star Valley Ranch,WY,83127,749000,4,3.0,Star Valley Ranch,2780,30492,2004,21,,269,581.0,Sold,https://www.redfin.com/WY/Star-Valley-Ranch/176-Cedar-Dr-83127/home/187933232,TBOR,23-1773,N,42.9885501,-110.962143,0,2,3,0
PAST SALE,2025-02-26,119,2,Single Family Residential,1015 Saddle Dr,Etna,WY,83120,599000,4,2.0,Nordic Ranches,1672,81457,1995,30,,358,,Sold,https://www.redfin.com/WY/Etna/1015-Saddle-Dr-83118/home/135416917,TBOR,23-1371,N,43.081862,-111.001046,1,2,3,0
PAST SALE,2025-04-01,85,4,Single Family Residential,210 S Washington St,Afton,WY,83110,400000,3,2.0,Afton,1425,16552,1917,108,,281,,Sold,https://www.redfin.com/WY/Afton/210-S-Washington-St-83110/home/135376385,TBOR,23-216,N,42.729324,-110.933808,0,1,2,1
PAST SALE,2025-05-30,26,5,Single Family Residential,360 Noble Ln,Bedford,WY,83112,4500000,7,5.0,Turnerville,9439,871200,2002,23,,477,,Sold,https://www.redfin.com/WY/Bedford/360-Noble-Ln-83112/home/135438319,TBOR,22-1093,N,42.8634781,-110.8895849,0,2,0,0
PAST SALE,2025-04-08,78,4,Single Family Residential,429 Vista Dr,Star Valley Ranch,WY,83127,150000,4,1.0,,2546,21781,1983,42,,59,,,https://www.redfin.com/WY/Star-Valley-Ranch/429-Vista-Dr-83127/home/135353479,,,N,42.979134,-110.964917,0,0,0,0
PAST SALE,2024-10-15,253,10,Single Family Residential,13 Palisades Dr,Alpine,WY,83128,635000,2,1.0,,1248,37462,1980,45,,509,,,https://www.redfin.com/WY/Alpine/13-Palisades-Dr-83128/home/135370822,,,N,43.192486,-111.03807,0,0,0,0
